token,input,name,type,synonyms,chuckles,r1_leaving,r2_leaving,r3_leaving,r4_leaving,r5_leaving,r6_leaving,chem_types,activation_policy,r7_leaving,r8_leaving,r9_leaving,r10_leaving,subtype
G,NCC(=O)O,Glycine,aa,Gly,[1*]N([3*])CC([2*])=O,[H],[OH],[H],,,,"1:backbone_n,2:backbone_c,3:backbone_n_mod",canonical-sites-v1,,,,,natural
A,N[C@@H](C)C(=O)O,L-Alanine,aa,Ala,[1*]N([3*])[C@@H](C)C([2*])=O,[H],[OH],[H],,,,"1:backbone_n,2:backbone_c,3:backbone_n_mod",canonical-sites-v1,,,,,natural
V,N[C@@H](C(C)C)C(=O)O,L-Valine,aa,Val,[1*]N([3*])[C@H](C([2*])=O)C(C)C,[H],[OH],[H],,,,"1:backbone_n,2:backbone_c,3:backbone_n_mod",canonical-sites-v1,,,,,natural
L,N[C@@H](CC(C)C)C(=O)O,L-Leucine,aa,Leu,[1*]N([3*])[C@@H](CC(C)C)C([2*])=O,[H],[OH],[H],,,,"1:backbone_n,2:backbone_c,3:backbone_n_mod",canonical-sites-v1,,,,,natural
I,N[C@@H]([C@@H](C)CC)C(=O)O,L-Isoleucine,aa,Ile,[1*]N([3*])[C@H](C([2*])=O)[C@@H](C)CC,[H],[OH],[H],,,,"1:backbone_n,2:backbone_c,3:backbone_n_mod",canonical-sites-v1,,,,,natural
P,OC(=O)[C@@H]1CCCN1,L-Proline,aa,Pro,[1*]N1CCC[C@H]1C([2*])=O,[H],[OH],,,,,"1:backbone_n,2:backbone_c",canonical-sites-v1,,,,,natural
F,N[C@@H](Cc1ccccc1)C(=O)O,L-Phenylalanine,aa,Phe,[1*]N([3*])[C@@H](Cc1ccccc1)C([2*])=O,[H],[OH],[H],,,,"1:backbone_n,2:backbone_c,3:backbone_n_mod",canonical-sites-v1,,,,,natural
W,N[C@@H](Cc1c[nH]c2ccccc12)C(=O)O,L-Tryptophan,aa,Trp,[1*]N([3*])[C@@H](Cc1cn([4*])c2ccccc12)C([2*])=O,[H],[OH],[H],[H],,,"1:backbone_n,2:backbone_c,3:backbone_n_mod,4:aromatic_nh",canonical-sites-v1,,,,,natural
M,N[C@@H](CCSC)C(=O)O,L-Methionine,aa,Met,[1*]N([3*])[C@@H](CCSC)C([2*])=O,[H],[OH],[H],,,,"1:backbone_n,2:backbone_c,3:backbone_n_mod",canonical-sites-v1,,,,,natural
S,N[C@@H](CO)C(=O)O,L-Serine,aa,Ser,[1*]N([3*])[C@@H](CO[4*])C([2*])=O,[H],[OH],[H],[H],,,"1:backbone_n,2:backbone_c,3:backbone_n_mod,4:hydroxyl",canonical-sites-v1,,,,,natural
T,N[C@@H]([C@H](O)C)C(=O)O,L-Threonine,aa,"Thr,aThr",[1*]N([3*])[C@H](C([2*])=O)[C@@H](C)O[4*],[H],[OH],[H],[H],,,"1:backbone_n,2:backbone_c,3:backbone_n_mod,4:hydroxyl",canonical-sites-v1,,,,,natural
C,N[C@@H](CS)C(=O)O,L-Cysteine,aa,Cys,[1*]N([3*])[C@@H](CS[4*])C([2*])=O,[H],[OH],[H],[H],,,"1:backbone_n,2:backbone_c,3:backbone_n_mod,4:thiol",canonical-sites-v1,,,,,natural
Y,N[C@@H](Cc1ccc(O)cc1)C(=O)O,L-Tyrosine,aa,Tyr,[1*]N([3*])[C@@H](Cc1ccc(O[4*])cc1)C([2*])=O,[H],[OH],[H],[H],,,"1:backbone_n,2:backbone_c,3:backbone_n_mod,4:aryl_phenol_o",canonical-sites-v1,,,,,natural
H,N[C@@H](Cc1cnc[nH]1)C(=O)O,L-Histidine,aa,His,[1*]N([3*])[C@@H](Cc1cncn1[4*])C([2*])=O,[H],[OH],[H],[H],,,"1:backbone_n,2:backbone_c,3:backbone_n_mod,4:aromatic_nh",canonical-sites-v1,,,,,natural
D,N[C@@H](CC(=O)O)C(=O)O,L-Aspartate,aa,Asp,[1*]N([3*])[C@@H](CC([4*])=O)C([2*])=O,[H],[OH],[H],[OH],,,"1:backbone_n,2:backbone_c,3:backbone_n_mod,4:carboxyl",canonical-sites-v1,,,,,natural
E,N[C@@H](CCC(=O)O)C(=O)O,L-Glutamate,aa,Glu,[1*]N([3*])[C@@H](CCC([4*])=O)C([2*])=O,[H],[OH],[H],[OH],,,"1:backbone_n,2:backbone_c,3:backbone_n_mod,4:carboxyl",canonical-sites-v1,,,,,natural
N,N[C@@H](CC(=O)N)C(=O)O,L-Asparagine,aa,Asn,[1*]N([3*])[C@@H](CC(=O)N([4*])[5*])C([2*])=O,[H],[OH],[H],[H],[H],,"1:backbone_n,2:backbone_c,3:backbone_n_mod,4:amide_nh,5:amide_nh",canonical-sites-v1,,,,,natural
Q,N[C@@H](CCC(=O)N)C(=O)O,L-Glutamine,aa,Gln,[1*]N([3*])[C@@H](CCC(=O)N([4*])[5*])C([2*])=O,[H],[OH],[H],[H],[H],,"1:backbone_n,2:backbone_c,3:backbone_n_mod,4:amide_nh,5:amide_nh",canonical-sites-v1,,,,,natural
K,N[C@@H](CCCCN)C(=O)O,L-Lysine,aa,Lys,[1*]N([3*])[C@@H](CCCCN([4*])[5*])C([2*])=O,[H],[OH],[H],[H],[H],,"1:backbone_n,2:backbone_c,3:backbone_n_mod,4:amine_primary,5:amine_primary",canonical-sites-v1,,,,,natural
DAla,N[C@H](C)C(=O)O,D-Alanine,aa,dA,[1*]N([3*])[C@H](C)C([2*])=O,[H],[OH],[H],,,,"1:backbone_n,2:backbone_c,3:backbone_n_mod",canonical-sites-v1,,,,,natural
DVal,N[C@H](C(C)C)C(=O)O,D-Valine,aa,dV,[1*]N([3*])[C@@H](C([2*])=O)C(C)C,[H],[OH],[H],,,,"1:backbone_n,2:backbone_c,3:backbone_n_mod",canonical-sites-v1,,,,,natural
DLeu,N[C@H](CC(C)C)C(=O)O,D-Leucine,aa,dL,[1*]N([3*])[C@H](CC(C)C)C([2*])=O,[H],[OH],[H],,,,"1:backbone_n,2:backbone_c,3:backbone_n_mod",canonical-sites-v1,,,,,natural
DIle,N[C@H]([C@H](C)CC)C(=O)O,D-Isoleucine,aa,dI,[1*]N([3*])[C@@H](C([2*])=O)[C@H](C)CC,[H],[OH],[H],,,,"1:backbone_n,2:backbone_c,3:backbone_n_mod",canonical-sites-v1,,,,,natural
DPhe,N[C@H](Cc1ccccc1)C(=O)O,D-Phenylalanine,aa,dF,[1*]N([3*])[C@H](Cc1ccccc1)C([2*])=O,[H],[OH],[H],,,,"1:backbone_n,2:backbone_c,3:backbone_n_mod",canonical-sites-v1,,,,,natural
DTrp,N[C@H](Cc1c[nH]c2ccccc12)C(=O)O,D-Tryptophan,aa,dW,[1*]N([3*])[C@H](Cc1cn([4*])c2ccccc12)C([2*])=O,[H],[OH],[H],[H],,,"1:backbone_n,2:backbone_c,3:backbone_n_mod,4:aromatic_nh",canonical-sites-v1,,,,,natural
DSer,N[C@H](CO)C(=O)O,D-Serine,aa,dS,[1*]N([3*])[C@H](CO[4*])C([2*])=O,[H],[OH],[H],[H],,,"1:backbone_n,2:backbone_c,3:backbone_n_mod,4:hydroxyl",canonical-sites-v1,,,,,natural
DThr,N[C@H]([C@@H](O)C)C(=O)O,D-Threonine,aa,"dT,D_aThr",[1*]N([3*])[C@@H](C([2*])=O)[C@H](C)O[4*],[H],[OH],[H],[H],,,"1:backbone_n,2:backbone_c,3:backbone_n_mod,4:hydroxyl",canonical-sites-v1,,,,,natural
DCys,N[C@H](CS)C(=O)O,D-Cysteine,aa,dC,[1*]N([3*])[C@H](CS[4*])C([2*])=O,[H],[OH],[H],[H],,,"1:backbone_n,2:backbone_c,3:backbone_n_mod,4:thiol",canonical-sites-v1,,,,,natural
DTyr,N[C@H](Cc1ccc(O)cc1)C(=O)O,D-Tyrosine,aa,dY,[1*]N([3*])[C@H](Cc1ccc(O[4*])cc1)C([2*])=O,[H],[OH],[H],[H],,,"1:backbone_n,2:backbone_c,3:backbone_n_mod,4:aryl_phenol_o",canonical-sites-v1,,,,,natural
DHis,N[C@H](Cc1cnc[nH]1)C(=O)O,D-Histidine,aa,dH,[1*]N([3*])[C@H](Cc1cncn1[4*])C([2*])=O,[H],[OH],[H],[H],,,"1:backbone_n,2:backbone_c,3:backbone_n_mod,4:aromatic_nh",canonical-sites-v1,,,,,natural
DAsp,N[C@H](CC(=O)O)C(=O)O,D-Aspartate,aa,dD,[1*]N([3*])[C@H](CC([4*])=O)C([2*])=O,[H],[OH],[H],[OH],,,"1:backbone_n,2:backbone_c,3:backbone_n_mod,4:carboxyl",canonical-sites-v1,,,,,natural
DGlu,N[C@H](CCC(=O)O)C(=O)O,D-Glutamate,aa,dE,[1*]N([3*])[C@H](CCC([4*])=O)C([2*])=O,[H],[OH],[H],[OH],,,"1:backbone_n,2:backbone_c,3:backbone_n_mod,4:carboxyl",canonical-sites-v1,,,,,natural
DAsn,N[C@H](CC(=O)N)C(=O)O,D-Asparagine,aa,dN,[1*]N([3*])[C@H](CC(=O)N([4*])[5*])C([2*])=O,[H],[OH],[H],[H],[H],,"1:backbone_n,2:backbone_c,3:backbone_n_mod,4:amide_nh,5:amide_nh",canonical-sites-v1,,,,,natural
DGln,N[C@H](CCC(=O)N)C(=O)O,D-Glutamine,aa,dQ,[1*]N([3*])[C@H](CCC(=O)N([4*])[5*])C([2*])=O,[H],[OH],[H],[H],[H],,"1:backbone_n,2:backbone_c,3:backbone_n_mod,4:amide_nh,5:amide_nh",canonical-sites-v1,,,,,natural
DLys,N[C@H](CCCCN)C(=O)O,D-Lysine,aa,dK,[1*]N([3*])[C@H](CCCCN([4*])[5*])C([2*])=O,[H],[OH],[H],[H],[H],,"1:backbone_n,2:backbone_c,3:backbone_n_mod,4:amine_primary,5:amine_primary",canonical-sites-v1,,,,,natural
Aib,CC(N)(C)C(=O)O,alpha-Aminoisobutyric acid,aa,AIB,[1*]N([3*])C(C)(C)C([2*])=O,[H],[OH],[H],,,,"1:backbone_n,2:backbone_c,3:backbone_n_mod",canonical-sites-v1,,,,,natural
Orn,N[C@@H](CCCN)C(=O)O,L-Ornithine,aa,Orn,[1*]N([3*])[C@@H](CCCN([4*])[5*])C([2*])=O,[H],[OH],[H],[H],[H],,"1:backbone_n,2:backbone_c,3:backbone_n_mod,4:amine_primary,5:amine_primary",canonical-sites-v1,,,,,natural
Hyp,OC(=O)[C@@H]1C[C@@H](O)CN1,trans-4-Hydroxyproline,aa,"Hyp,Pro_3OH_c",[1*]N1C[C@H](O[4*])C[C@H]1C([2*])=O,[H],[OH],,[H],,,"1:backbone_n,2:backbone_c,4:hydroxyl",canonical-sites-v1,,,,,natural
Nle,N[C@@H](CCCC)C(=O)O,L-Norleucine,aa,Nle,[1*]N([3*])[C@@H](CCCC)C([2*])=O,[H],[OH],[H],,,,"1:backbone_n,2:backbone_c,3:backbone_n_mod",canonical-sites-v1,,,,,natural
Nva,N[C@@H](CCC)C(=O)O,L-Norvaline,aa,Nva,[1*]N([3*])[C@@H](CCC)C([2*])=O,[H],[OH],[H],,,,"1:backbone_n,2:backbone_c,3:backbone_n_mod",canonical-sites-v1,,,,,natural
Sec,N[C@@H](C[SeH])C(=O)O,L-Selenocysteine,aa,"Sec,seC",[1*]N([3*])[C@@H](C[Se][4*])C([2*])=O,[H],[OH],[H],[H],,,"1:backbone_n,2:backbone_c,3:backbone_n_mod,4:selenol",canonical-sites-v1,,,,,natural
ac,CC(=O)O,Acetyl cap,cap,Ac,[2*]C(C)=O,,[OH],,,,,2:backbone_c,canonical-sites-v1,,,,,cap
am,N,Amide cap,cap,NH2,[1*]N,[H],,,,,,1:backbone_n,canonical-sites-v1,,,,,cap
fmoc,OC(=O)OCC1c2ccccc2-c2ccccc21,Fmoc N-terminal cap,cap,Fmoc,[2*]C(=O)OCC1c2ccccc2-c2ccccc21,,[OH],,,,,2:backbone_c,canonical-sites-v1,,,,,cap
boc,CC(C)(C)OC(=O)O,Boc sidechain amine cap,cap,Boc,[2*]C(=O)OC(C)(C)C,,[OH],,,,,2:backbone_c,canonical-sites-v1,,,,,cap
tbu,CC(C)(C)O,tBu ester sidechain cap,cap,OtBu,[1*]OC(C)(C)C,[H],,,,,,1:backbone_o,canonical-sites-v1,,,,,cap
otbu,OC(C)(C)C,tBu ether sidechain cap,cap,tBu,[1*]OC(C)(C)C,[H],,,,,,1:backbone_o,canonical-sites-v1,,,,,cap
trt,ClC(c1ccccc1)(c1ccccc1)c1ccccc1,Trityl cap,cap,Trt,[2*]C(c1ccccc1)(c1ccccc1)c1ccccc1,,[Cl],,,,,2:alkyl_halide_c,canonical-sites-v1,,,,,cap
acm,CC(=O)NCCl,Acetamidomethyl cap,cap,Acm,[2*]CN([4*])C(C)=O,,[Cl],,[H],,,"2:alkyl_halide_c,4:amide_nh",canonical-sites-v1,,,,,cap
pbf,Cc1c(C)c(S(=O)(=O)O)c(C)c2c1OC(C)(C)C2,Pbf Arg sidechain sulfonyl cap,cap,Pbf,[2*]S(=O)(=O)c1c(C)c(C)c2c(c1C)CC(C)(C)O2,,[OH],,,,,2:sulfonyl_s,canonical-sites-v1,,,,,cap
dA,C[C@@H](N)C(=O)O,D-Alanine,aa,A,[1*]N([3*])[C@H](C)C([2*])=O,[H],[OH],[H],,,,"1:backbone_n,2:backbone_c,3:backbone_n_mod",canonical-sites-v1,,,,,natural
dC,N[C@H](CS)C(=O)O,D-Cysteine,aa,C,[1*]N([3*])[C@H](CS[4*])C([2*])=O,[H],[OH],[H],[H],,,"1:backbone_n,2:backbone_c,3:backbone_n_mod,4:thiol",canonical-sites-v1,,,,,natural
dD,N[C@H](CC(=O)O)C(=O)O,D-Aspartic acid,aa,D,[1*]N([3*])[C@H](CC([4*])=O)C([2*])=O,[H],[OH],[H],[OH],,,"1:backbone_n,2:backbone_c,3:backbone_n_mod,4:carboxyl",canonical-sites-v1,,,,,natural
dE,N[C@H](CCC(=O)O)C(=O)O,D-Glutamic acid,aa,E,[1*]N([3*])[C@H](CCC([4*])=O)C([2*])=O,[H],[OH],[H],[OH],,,"1:backbone_n,2:backbone_c,3:backbone_n_mod,4:carboxyl",canonical-sites-v1,,,,,natural
dF,N[C@H](Cc1ccccc1)C(=O)O,D-Phenylalanine,aa,F,[1*]N([3*])[C@H](Cc1ccccc1)C([2*])=O,[H],[OH],[H],,,,"1:backbone_n,2:backbone_c,3:backbone_n_mod",canonical-sites-v1,,,,,natural
dH,N[C@H](Cc1c[nH]cn1)C(=O)O,D-Histidine,aa,H,[1*]N([3*])[C@H](Cc1cn([4*])cn1)C([2*])=O,[H],[OH],[H],[H],,,"1:backbone_n,2:backbone_c,3:backbone_n_mod,4:aromatic_nh",canonical-sites-v1,,,,,natural
dI,CC[C@@H](C)[C@@H](N)C(=O)O,D-Isoleucine,aa,I,[1*]N([3*])[C@@H](C([2*])=O)[C@H](C)CC,[H],[OH],[H],,,,"1:backbone_n,2:backbone_c,3:backbone_n_mod",canonical-sites-v1,,,,,natural
dK,NCCCC[C@@H](N)C(=O)O,D-Lysine,aa,K,[1*]N([3*])[C@H](CCCCN([4*])[5*])C([2*])=O,[H],[OH],[H],[H],[H],,"1:backbone_n,2:backbone_c,3:backbone_n_mod,4:amine_primary,5:amine_primary",canonical-sites-v1,,,,,natural
dL,CC(C)C[C@@H](N)C(=O)O,D-Leucine,aa,L,[1*]N([3*])[C@H](CC(C)C)C([2*])=O,[H],[OH],[H],,,,"1:backbone_n,2:backbone_c,3:backbone_n_mod",canonical-sites-v1,,,,,natural
dM,CSCC[C@@H](N)C(=O)O,D-Methionine,aa,M,[1*]N([3*])[C@H](CCSC)C([2*])=O,[H],[OH],[H],,,,"1:backbone_n,2:backbone_c,3:backbone_n_mod",canonical-sites-v1,,,,,natural
dN,NC(=O)C[C@@H](N)C(=O)O,D-Asparagine,aa,N,[1*]N([3*])[C@H](CC(=O)N([4*])[5*])C([2*])=O,[H],[OH],[H],[H],[H],,"1:backbone_n,2:backbone_c,3:backbone_n_mod,4:amide_nh,5:amide_nh",canonical-sites-v1,,,,,natural
dP,O=C(O)[C@H]1CCCN1,D-Proline,aa,P,[1*]N1CCC[C@@H]1C([2*])=O,[H],[OH],,,,,"1:backbone_n,2:backbone_c",canonical-sites-v1,,,,,natural
dQ,NC(=O)CC[C@@H](N)C(=O)O,D-Glutamine,aa,Q,[1*]N([3*])[C@H](CCC(=O)N([4*])[5*])C([2*])=O,[H],[OH],[H],[H],[H],,"1:backbone_n,2:backbone_c,3:backbone_n_mod,4:amide_nh,5:amide_nh",canonical-sites-v1,,,,,natural
dS,N[C@H](CO)C(=O)O,D-Serine,aa,S,[1*]N([3*])[C@H](CO[4*])C([2*])=O,[H],[OH],[H],[H],,,"1:backbone_n,2:backbone_c,3:backbone_n_mod,4:hydroxyl",canonical-sites-v1,,,,,natural
dT,C[C@H](O)[C@@H](N)C(=O)O,D-Threonine,aa,T,[1*]N([3*])[C@@H](C([2*])=O)[C@H](C)O[4*],[H],[OH],[H],[H],,,"1:backbone_n,2:backbone_c,3:backbone_n_mod,4:hydroxyl",canonical-sites-v1,,,,,natural
dV,CC(C)[C@@H](N)C(=O)O,D-Valine,aa,V,[1*]N([3*])[C@@H](C([2*])=O)C(C)C,[H],[OH],[H],,,,"1:backbone_n,2:backbone_c,3:backbone_n_mod",canonical-sites-v1,,,,,natural
dW,N[C@H](Cc1c[nH]c2ccccc12)C(=O)O,D-Tryptophan,aa,W,[1*]N([3*])[C@H](Cc1cn([4*])c2ccccc12)C([2*])=O,[H],[OH],[H],[H],,,"1:backbone_n,2:backbone_c,3:backbone_n_mod,4:aromatic_nh",canonical-sites-v1,,,,,natural
dY,N[C@H](Cc1ccc(O)cc1)C(=O)O,D-Tyrosine,aa,Y,[1*]N([3*])[C@H](Cc1ccc(O[4*])cc1)C([2*])=O,[H],[OH],[H],[H],,,"1:backbone_n,2:backbone_c,3:backbone_n_mod,4:aryl_phenol_o",canonical-sites-v1,,,,,natural
_Me,CI,C-Terminal methyl,cap,X,[2*]C,,[I],,,,,2:alkyl_halide_c,canonical-sites-v1,,,,,cap
Iva,CC[C@](C)(N)C(=O)O,Isovaline,aa,"V,aMeAbu",[1*]N([3*])[C@@](C)(CC)C([2*])=O,[H],[OH],[H],,,,"1:backbone_n,2:backbone_c,3:backbone_n_mod",canonical-sites-v1,,,,,natural
aIle,CC[C@@H](C)[C@H](N)C(=O)O,L-allo-Isoleucine,aa,I,[1*]N([3*])[C@H](C([2*])=O)[C@H](C)CC,[H],[OH],[H],,,,"1:backbone_n,2:backbone_c,3:backbone_n_mod",canonical-sites-v1,,,,,natural
Hcy,N[C@@H](CCS)C(=O)O,Homocysteine,aa,"C,hCys",[1*]N([3*])[C@@H](CCS[4*])C([2*])=O,[H],[OH],[H],[H],,,"1:backbone_n,2:backbone_c,3:backbone_n_mod,4:thiol",canonical-sites-v1,,,,,natural
Hse,N[C@@H](CCO)C(=O)O,Homoserine,aa,"S,hSer",[1*]N([3*])[C@@H](CCO[4*])C([2*])=O,[H],[OH],[H],[H],,,"1:backbone_n,2:backbone_c,3:backbone_n_mod,4:hydroxyl",canonical-sites-v1,,,,,natural
D_Nle,CCCC[C@@H](N)C(=O)O,D-Norleucine,aa,L,[1*]N([3*])[C@H](CCCC)C([2*])=O,[H],[OH],[H],,,,"1:backbone_n,2:backbone_c,3:backbone_n_mod",canonical-sites-v1,,,,,natural
D_hPhe,N[C@H](CCc1ccccc1)C(=O)O,D-Homophenylalanine,aa,"F,D_hPhe2",[1*]N([3*])[C@H](CCc1ccccc1)C([2*])=O,[H],[OH],[H],,,,"1:backbone_n,2:backbone_c,3:backbone_n_mod",canonical-sites-v1,,,,,natural
D_Hyp,O=C(O)[C@H]1C[C@H](O)CN1,D-4-Hydroxyproline,aa,"P,D_Pro_3OH_t",[1*]N1C[C@@H](O[4*])C[C@@H]1C([2*])=O,[H],[OH],,[H],,,"1:backbone_n,2:backbone_c,4:hydroxyl",canonical-sites-v1,,,,,natural
D_Nva,CCC[C@@H](N)C(=O)O,D-Norvaline,aa,V,[1*]N([3*])[C@H](CCC)C([2*])=O,[H],[OH],[H],,,,"1:backbone_n,2:backbone_c,3:backbone_n_mod",canonical-sites-v1,,,,,natural
D_Orn,NCCC[C@@H](N)C(=O)O,D-Ornithine,aa,K,[1*]N([3*])[C@H](CCCN([4*])[5*])C([2*])=O,[H],[OH],[H],[H],[H],,"1:backbone_n,2:backbone_c,3:backbone_n_mod,4:amine_primary,5:amine_primary",canonical-sites-v1,,,,,natural
Pyr,O=C1CC[C@@H](C(=O)O)N1,Pyroglutamic acid,aa,E,[1*]N1C(=O)CC[C@H]1C([2*])=O,[H],[OH],,,,,"1:amide_nh,2:backbone_c",canonical-sites-v1,,,,,natural
D_Pyr,O=C1CC[C@H](C(=O)O)N1,D-Pyroglutamic acid,aa,E,[1*]N1C(=O)CC[C@@H]1C([2*])=O,[H],[OH],,,,,"1:amide_nh,2:backbone_c",canonical-sites-v1,,,,,natural
Phe_3Cl,N[C@@H](Cc1cccc(Cl)c1)C(=O)O,3-Chloro-L-phenylalanine,aa,F,[1*]N([3*])[C@@H](Cc1cccc(Cl)c1)C([2*])=O,[H],[OH],[H],,,,"1:backbone_n,2:backbone_c,3:backbone_n_mod",canonical-sites-v1,,,,,natural
Phe_4Cl,N[C@@H](Cc1ccc(Cl)cc1)C(=O)O,4-Chloro-L-phenylalanine,aa,F,[1*]N([3*])[C@@H](Cc1ccc(Cl)cc1)C([2*])=O,[H],[OH],[H],,,,"1:backbone_n,2:backbone_c,3:backbone_n_mod",canonical-sites-v1,,,,,natural
Phe_4NH2,Nc1ccc(C[C@H](N)C(=O)O)cc1,p-Aminophenylalanine,aa,F,[1*]N([3*])[C@@H](Cc1ccc(N([4*])[5*])cc1)C([2*])=O,[H],[OH],[H],[H],[H],,"1:backbone_n,2:backbone_c,3:backbone_n_mod,4:amine_primary,5:amine_primary",canonical-sites-v1,,,,,natural
Phg,N[C@H](C(=O)O)c1ccccc1,2-Phenylglycine,aa,G,[1*]N([3*])[C@H](C([2*])=O)c1ccccc1,[H],[OH],[H],,,,"1:backbone_n,2:backbone_c,3:backbone_n_mod",canonical-sites-v1,,,,,natural
Ser_tBu,CC(C)(C)OC[C@H](N)C(=O)O,O-tert-Butyl-L-serine,aa,S,[1*]N([3*])[C@@H](COC(C)(C)C)C([2*])=O,[H],[OH],[H],,,,"1:backbone_n,2:backbone_c,3:backbone_n_mod",canonical-sites-v1,,,,,natural
Tyr_Bn,N[C@@H](Cc1ccc(OCc2ccccc2)cc1)C(=O)O,O-Benzyl-L-tyrosine,aa,"Y,Tyr_OBn",[1*]N([3*])[C@@H](Cc1ccc(OCc2ccccc2)cc1)C([2*])=O,[H],[OH],[H],,,,"1:backbone_n,2:backbone_c,3:backbone_n_mod",canonical-sites-v1,,,,,natural
Tza,N[C@@H](Cc1cscn1)C(=O)O,3-Thiazolylalanine,aa,A,[1*]N([3*])[C@@H](Cc1cscn1)C([2*])=O,[H],[OH],[H],,,,"1:backbone_n,2:backbone_c,3:backbone_n_mod",canonical-sites-v1,,,,,natural
1Nal,N[C@@H](Cc1cccc2ccccc12)C(=O)O,3-(1-naphthyl)-alanine,aa,A,[1*]N([3*])[C@@H](Cc1cccc2ccccc12)C([2*])=O,[H],[OH],[H],,,,"1:backbone_n,2:backbone_c,3:backbone_n_mod",canonical-sites-v1,,,,,natural
Cha,N[C@@H](CC1CCCCC1)C(=O)O,3-Cyclohexylalanine,aa,A,[1*]N([3*])[C@@H](CC1CCCCC1)C([2*])=O,[H],[OH],[H],,,,"1:backbone_n,2:backbone_c,3:backbone_n_mod",canonical-sites-v1,,,,,natural
Lys_Boc,CC(C)(C)OC(=O)NCCCC[C@H](N)C(=O)O,N-epsilon-tert-Boc-L-lysine,aa,K,[1*]N([3*])[C@@H](CCCCN([4*])C(=O)OC(C)(C)C)C([2*])=O,[H],[OH],[H],[H],,,"1:backbone_n,2:backbone_c,3:backbone_n_mod,4:carbamate_nh",canonical-sites-v1,,,,,natural
aThr,C[C@H](O)[C@H](N)C(=O)O,L-allo-Threonine,aa,T,[1*]N([3*])[C@H](C([2*])=O)[C@H](C)O[4*],[H],[OH],[H],[H],,,"1:backbone_n,2:backbone_c,3:backbone_n_mod,4:hydroxyl",canonical-sites-v1,,,,,natural
D_2Nal,N[C@H](Cc1ccc2ccccc2c1)C(=O)O,D-3-naphthylalanine,aa,A,[1*]N([3*])[C@H](Cc1ccc2ccccc2c1)C([2*])=O,[H],[OH],[H],,,,"1:backbone_n,2:backbone_c,3:backbone_n_mod",canonical-sites-v1,,,,,natural
D_2Thi,N[C@H](Cc1cccs1)C(=O)O,D-3-thienylalanine,aa,"A,D_Thi2Ala",[1*]N([3*])[C@H](Cc1cccs1)C([2*])=O,[H],[OH],[H],,,,"1:backbone_n,2:backbone_c,3:backbone_n_mod",canonical-sites-v1,,,,,natural
D_aHyp,O=C(O)[C@H]1C[C@@H](O)CN1,D-allo-4-hydroxyproline,aa,"P,D_Pro_3OH_c",[1*]N1C[C@H](O[4*])C[C@@H]1C([2*])=O,[H],[OH],,[H],,,"1:backbone_n,2:backbone_c,4:hydroxyl",canonical-sites-v1,,,,,natural
D_aIle,CC[C@H](C)[C@@H](N)C(=O)O,D-allo-Isoleucine,aa,I,[1*]N([3*])[C@@H](C([2*])=O)[C@@H](C)CC,[H],[OH],[H],,,,"1:backbone_n,2:backbone_c,3:backbone_n_mod",canonical-sites-v1,,,,,natural
D_Phg,N[C@@H](C(=O)O)c1ccccc1,D-2-phenylglycine,aa,G,[1*]N([3*])[C@@H](C([2*])=O)c1ccccc1,[H],[OH],[H],,,,"1:backbone_n,2:backbone_c,3:backbone_n_mod",canonical-sites-v1,,,,,natural
D_Ser_tBu,CC(C)(C)OC[C@@H](N)C(=O)O,O-tert-Butyl-D-serine,aa,S,[1*]N([3*])[C@H](COC(C)(C)C)C([2*])=O,[H],[OH],[H],,,,"1:backbone_n,2:backbone_c,3:backbone_n_mod",canonical-sites-v1,,,,,natural
Cya,N[C@@H](CS(=O)(=O)O)C(=O)O,3-Sulfoalanine,aa,A,[1*]N([3*])[C@@H](CS(=O)(=O)O)C([2*])=O,[H],[OH],[H],,,,"1:backbone_n,2:backbone_c,3:backbone_n_mod",canonical-sites-v1,,,,,natural
Lys_Me3,C[N+](C)(C)CCCC[C@H](N)C(=O)O,Epsilon-N-trimethyllysine,aa,K,[1*]N([3*])[C@@H](CCCC[N+](C)(C)C)C([2*])=O,[H],[OH],[H],,,,"1:backbone_n,2:backbone_c,3:backbone_n_mod",canonical-sites-v1,,,,,natural
Pen,CC(C)(S)[C@H](N)C(=O)O,Penicillamine (3-mercaptovaline),aa,V,[1*]N([3*])[C@H](C([2*])=O)C(C)(C)S[4*],[H],[OH],[H],[H],,,"1:backbone_n,2:backbone_c,3:backbone_n_mod,4:thiol",canonical-sites-v1,,,,,natural
Phe_4Me,Cc1ccc(C[C@H](N)C(=O)O)cc1,p-Methylphenylalanine,aa,F,[1*]N([3*])[C@@H](Cc1ccc(C)cc1)C([2*])=O,[H],[OH],[H],,,,"1:backbone_n,2:backbone_c,3:backbone_n_mod",canonical-sites-v1,,,,,natural
Ser_Bn,N[C@@H](COCc1ccccc1)C(=O)O,O-Benzyl-L-serine,aa,"S,Ser_OBn",[1*]N([3*])[C@@H](COCc1ccccc1)C([2*])=O,[H],[OH],[H],,,,"1:backbone_n,2:backbone_c,3:backbone_n_mod",canonical-sites-v1,,,,,natural
Tyr_tBu,CC(C)(C)Oc1ccc(C[C@H](N)C(=O)O)cc1,O-tert-Butyl-L-tyrosine,aa,Y,[1*]N([3*])[C@@H](Cc1ccc(OC(C)(C)C)cc1)C([2*])=O,[H],[OH],[H],,,,"1:backbone_n,2:backbone_c,3:backbone_n_mod",canonical-sites-v1,,,,,natural
2Nal,N[C@@H](Cc1ccc2ccccc2c1)C(=O)O,3-Naphthylalanine,aa,A,[1*]N([3*])[C@@H](Cc1ccc2ccccc2c1)C([2*])=O,[H],[OH],[H],,,,"1:backbone_n,2:backbone_c,3:backbone_n_mod",canonical-sites-v1,,,,,natural
Thi,N[C@@H](Cc1cccs1)C(=O)O,3-thienylalanine,aa,"A,Thi2Ala",[1*]N([3*])[C@@H](Cc1cccs1)C([2*])=O,[H],[OH],[H],,,,"1:backbone_n,2:backbone_c,3:backbone_n_mod",canonical-sites-v1,,,,,natural
aHyp,O=C(O)[C@@H]1C[C@H](O)CN1,L-allo-4-hydroxyproline,aa,"P,Pro_3OH_t",[1*]N1C[C@@H](O[4*])C[C@H]1C([2*])=O,[H],[OH],,[H],,,"1:backbone_n,2:backbone_c,4:hydroxyl",canonical-sites-v1,,,,,natural
Ala_tBu,CC(C)(C)[C@H](N)C(=O)O,3-Methylvaline,aa,A,[1*]N([3*])[C@H](C([2*])=O)C(C)(C)C,[H],[OH],[H],,,,"1:backbone_n,2:backbone_c,3:backbone_n_mod",canonical-sites-v1,,,,,natural
hPhe,N[C@@H](CCc1ccccc1)C(=O)O,Homophenylalanine,aa,"F,hPhe2",[1*]N([3*])[C@@H](CCc1ccccc1)C([2*])=O,[H],[OH],[H],,,,"1:backbone_n,2:backbone_c,3:backbone_n_mod",canonical-sites-v1,,,,,natural
D_1Nal,N[C@H](Cc1cccc2ccccc12)C(=O)O,D-3-(1-naphthyl)-alanine,aa,A,[1*]N([3*])[C@H](Cc1cccc2ccccc12)C([2*])=O,[H],[OH],[H],,,,"1:backbone_n,2:backbone_c,3:backbone_n_mod",canonical-sites-v1,,,,,natural
D_aThr,C[C@@H](O)[C@@H](N)C(=O)O,D-allo-Threonine,aa,T,[1*]N([3*])[C@@H](C([2*])=O)[C@@H](C)O[4*],[H],[OH],[H],[H],,,"1:backbone_n,2:backbone_c,3:backbone_n_mod,4:hydroxyl",canonical-sites-v1,,,,,natural
D_Cha,N[C@H](CC1CCCCC1)C(=O)O,D-2-Amino-3-cyclohexyl-propionic acid,aa,A,[1*]N([3*])[C@H](CC1CCCCC1)C([2*])=O,[H],[OH],[H],,,,"1:backbone_n,2:backbone_c,3:backbone_n_mod",canonical-sites-v1,,,,,natural
D_Pen,CC(C)(S)[C@@H](N)C(=O)O,D-penicillamine (3-mercaptovaline),aa,V,[1*]N([3*])[C@@H](C([2*])=O)C(C)(C)S[4*],[H],[OH],[H],[H],,,"1:backbone_n,2:backbone_c,3:backbone_n_mod,4:thiol",canonical-sites-v1,,,,,natural
D_Phe_4Cl,N[C@H](Cc1ccc(Cl)cc1)C(=O)O,4-Chloro-D-phenylalanine,aa,F,[1*]N([3*])[C@H](Cc1ccc(Cl)cc1)C([2*])=O,[H],[OH],[H],,,,"1:backbone_n,2:backbone_c,3:backbone_n_mod",canonical-sites-v1,,,,,natural
D_Ser_Bn,N[C@H](COCc1ccccc1)C(=O)O,O-Benzyl-D-serine,aa,S,[1*]N([3*])[C@H](COCc1ccccc1)C([2*])=O,[H],[OH],[H],,,,"1:backbone_n,2:backbone_c,3:backbone_n_mod",canonical-sites-v1,,,,,natural
Wil,N[C@@H](Cn1ccc(=O)[nH]c1=O)C(=O)O,"Alpha-amino-2,4-dioxopyrimidinepropanoic acid",aa,X,[1*]N([3*])[C@@H](Cn1ccc(=O)n([4*])c1=O)C([2*])=O,[H],[OH],[H],[H],,,"1:backbone_n,2:backbone_c,3:backbone_n_mod,4:aromatic_nh",canonical-sites-v1,,,,,natural
MsO,[2*]S(C)(=O)=O,Mesylate,cap,X,[2*]S(C)(=O)=O,,[OH],,,,,2:sulfonyl_s,canonical-sites-v1,,,,,cap
Oic_3aS_7aS,O=C(O)[C@@H]1C[C@@H]2CCCC[C@@H]2N1,Perhydroindolic acid,aa,X,[1*]N1[C@H](C([2*])=O)C[C@@H]2CCCC[C@@H]21,[H],[OH],,,,,"1:backbone_n,2:backbone_c",canonical-sites-v1,,,,,natural
Pip,O=C(O)[C@@H]1CCCCN1,Pipecolic acid,aa,X,[1*]N1CCCC[C@H]1C([2*])=O,[H],[OH],,,,,"1:backbone_n,2:backbone_c",canonical-sites-v1,,,,,natural
3Pal,N[C@@H](Cc1cccnc1)C(=O)O,3-(2-pyridyl)-alanine,aa,X,[1*]N([3*])[C@@H](Cc1cccnc1)C([2*])=O,[H],[OH],[H],,,,"1:backbone_n,2:backbone_c,3:backbone_n_mod",canonical-sites-v1,,,,,natural
4Pal,N[C@@H](Cc1ccncc1)C(=O)O,3-(4-Pyridyl)-alanine,aa,X,[1*]N([3*])[C@@H](Cc1ccncc1)C([2*])=O,[H],[OH],[H],,,,"1:backbone_n,2:backbone_c,3:backbone_n_mod",canonical-sites-v1,,,,,natural
Abu,CC[C@H](N)C(=O)O,2-Aminobutanoic acid,aa,X,[1*]N([3*])[C@@H](CC)C([2*])=O,[H],[OH],[H],,,,"1:backbone_n,2:backbone_c,3:backbone_n_mod",canonical-sites-v1,,,,,natural
Apm,N[C@@H](CCCCC(=O)O)C(=O)O,2-Aminopimelic acid,aa,X,[1*]N([3*])[C@@H](CCCCC([4*])=O)C([2*])=O,[H],[OH],[H],[OH],,,"1:backbone_n,2:backbone_c,3:backbone_n_mod,4:carboxyl",canonical-sites-v1,,,,,natural
Chg,N[C@H](C(=O)O)C1CCCCC1,Alpha-cyclohexylglycine,aa,X,[1*]N([3*])[C@H](C([2*])=O)C1CCCCC1,[H],[OH],[H],,,,"1:backbone_n,2:backbone_c,3:backbone_n_mod",canonical-sites-v1,,,,,natural
Dab,NCC[C@H](N)C(=O)O,"2,4-diaminobutanoic acid",aa,X,[1*]N([3*])[C@@H](CCN([4*])[5*])C([2*])=O,[H],[OH],[H],[H],[H],,"1:backbone_n,2:backbone_c,3:backbone_n_mod,4:amine_primary,5:amine_primary",canonical-sites-v1,,,,,natural
Dap,NC[C@H](N)C(=O)O,"2,3-diaminopropanoic acid",aa,X,[1*]N([3*])[C@@H](CN([4*])[5*])C([2*])=O,[H],[OH],[H],[H],[H],,"1:backbone_n,2:backbone_c,3:backbone_n_mod,4:amine_primary,5:amine_primary",canonical-sites-v1,,,,,natural
D_3Pal,N[C@H](Cc1cccnc1)C(=O)O,D-3-(2-pyridyl)-alanine,aa,X,[1*]N([3*])[C@H](Cc1cccnc1)C([2*])=O,[H],[OH],[H],,,,"1:backbone_n,2:backbone_c,3:backbone_n_mod",canonical-sites-v1,,,,,natural
D_aMeAbu,CC[C@@](C)(N)C(=O)O,D-Isovaline,aa,X,[1*]N([3*])[C@](C)(CC)C([2*])=O,[H],[OH],[H],,,,"1:backbone_n,2:backbone_c,3:backbone_n_mod",canonical-sites-v1,,,,,natural
D_Chg,N[C@@H](C(=O)O)C1CCCCC1,D-Alpha-cyclohexylglycine,aa,X,[1*]N([3*])[C@@H](C([2*])=O)C1CCCCC1,[H],[OH],[H],,,,"1:backbone_n,2:backbone_c,3:backbone_n_mod",canonical-sites-v1,,,,,natural
D_Cit,NC(=O)NCCC[C@@H](N)C(=O)O,D-Citrullin,aa,X,[1*]N([3*])[C@H](CCCN([6*])C(=O)N([4*])[5*])C([2*])=O,[H],[OH],[H],[H],[H],[H],"1:backbone_n,2:backbone_c,3:backbone_n_mod,4:urea_nh,5:urea_nh,6:urea_nh",canonical-sites-v1,,,,,natural
D_Dab,NCC[C@@H](N)C(=O)O,"D-2,4-diaminobutanoic acid",aa,X,[1*]N([3*])[C@H](CCN([4*])[5*])C([2*])=O,[H],[OH],[H],[H],[H],,"1:backbone_n,2:backbone_c,3:backbone_n_mod,4:amine_primary,5:amine_primary",canonical-sites-v1,,,,,natural
D_Pip,O=C(O)[C@H]1CCCCN1,D-Pipecolic acid,aa,X,[1*]N1CCCC[C@@H]1C([2*])=O,[H],[OH],,,,,"1:backbone_n,2:backbone_c",canonical-sites-v1,,,,,natural
D_Tic,O=C(O)[C@H]1Cc2ccccc2CN1,"D-1,2,3,4-tetrahydro-3-isoquinolinecarboxylic acid",aa,X,[1*]N1Cc2ccccc2C[C@@H]1C([2*])=O,[H],[OH],,,,,"1:backbone_n,2:backbone_c",canonical-sites-v1,,,,,natural
Aca,CCCCCCCC[C@H](N)C(=O)O,2-Aminocapric acid,aa,X,[1*]N([3*])[C@@H](CCCCCCCC)C([2*])=O,[H],[OH],[H],,,,"1:backbone_n,2:backbone_c,3:backbone_n_mod",canonical-sites-v1,,,,,natural
Tic,O=C(O)[C@@H]1Cc2ccccc2CN1,"1,2,3,4-tetrahydro-3-isoquinolinecarboxylic acid",aa,X,[1*]N1Cc2ccccc2C[C@H]1C([2*])=O,[H],[OH],,,,,"1:backbone_n,2:backbone_c",canonical-sites-v1,,,,,natural
Aad,N[C@@H](CCCC(=O)O)C(=O)O,2-Aminoadipic acid,aa,X,[1*]N([3*])[C@@H](CCCC([4*])=O)C([2*])=O,[H],[OH],[H],[OH],,,"1:backbone_n,2:backbone_c,3:backbone_n_mod,4:carboxyl",canonical-sites-v1,,,,,natural
Cit,NC(=O)NCCC[C@H](N)C(=O)O,Citrullin,aa,X,[1*]N([3*])[C@@H](CCCN([6*])C(=O)N([4*])[5*])C([2*])=O,[H],[OH],[H],[H],[H],[H],"1:backbone_n,2:backbone_c,3:backbone_n_mod,4:urea_nh,5:urea_nh,6:urea_nh",canonical-sites-v1,,,,,natural
Aze,O=C(O)[C@@H]1CCN1,2-Carboxyazetidine,aa,"X,D_Aze",[1*]N1CC[C@H]1C([2*])=O,[H],[OH],,,,,"1:backbone_n,2:backbone_c",canonical-sites-v1,,,,,natural
Ac5c,NC1(C(=O)O)CCCC1,1-Amino-1-carboxycyclopentane,aa,X,[1*]N([3*])C1(C([2*])=O)CCCC1,[H],[OH],[H],,,,"1:backbone_n,2:backbone_c,3:backbone_n_mod",canonical-sites-v1,,,,,natural
D_2Pal,N[C@H](Cc1ccccn1)C(=O)O,D-3-(2-Pyridyl)-alanine,aa,X,[1*]N([3*])[C@H](Cc1ccccn1)C([2*])=O,[H],[OH],[H],,,,"1:backbone_n,2:backbone_c,3:backbone_n_mod",canonical-sites-v1,,,,,natural
D_Abu,CC[C@@H](N)C(=O)O,D-2-aminobutanoic acid,aa,X,[1*]N([3*])[C@H](CC)C([2*])=O,[H],[OH],[H],,,,"1:backbone_n,2:backbone_c,3:backbone_n_mod",canonical-sites-v1,,,,,natural
D_Dap,NC[C@@H](N)C(=O)O,"D-2,3-diaminopropanoic acid",aa,X,[1*]N([3*])[C@H](CN([4*])[5*])C([2*])=O,[H],[OH],[H],[H],[H],,"1:backbone_n,2:backbone_c,3:backbone_n_mod,4:amine_primary,5:amine_primary",canonical-sites-v1,,,,,natural
Asu,N[C@@H](CCCCCC(=O)O)C(=O)O,2-Aminosuberic acid,aa,X,[1*]N([3*])[C@@H](CCCCCC([4*])=O)C([2*])=O,[H],[OH],[H],[OH],,,"1:backbone_n,2:backbone_c,3:backbone_n_mod,4:carboxyl",canonical-sites-v1,,,,,natural
Cbz,[2*]C(=O)OCc1ccccc1,Carboxybenzyl,cap,X,[2*]C(=O)OCc1ccccc1,,[OH],,,,,2:backbone_c,canonical-sites-v1,,,,,cap
_Et,CCBr,C-Terminal ethyl,cap,X,[2*]CC,,[Br],,,,,2:alkyl_halide_c,canonical-sites-v1,,,,,cap
NHEt,[1*]NCC,Ethanamine,cap,X,[1*]NCC,[H],,,,,,1:backbone_n,canonical-sites-v1,,,,,cap
OEt,[1*]OCC,Ethanol,cap,X,[1*]OCC,[H],,,,,,1:backbone_o,canonical-sites-v1,,,,,cap
_OMe,[1*]OC,C-Terminal methanol,cap,X,[1*]OC,[H],,,,,,1:backbone_o,canonical-sites-v1,,,,,cap
OtBu,OC(C)(C)C,O-tert-Butyl,cap,X,[1*]OC(C)(C)C,[H],,,,,,1:backbone_o,canonical-sites-v1,,,,,cap
Tos,[2*]S(=O)(=O)c1ccc(C)cc1,Tosyl,cap,X,[2*]S(=O)(=O)c1ccc(C)cc1,,[OH],,,,,2:sulfonyl_s,canonical-sites-v1,,,,,cap
D_Thz,O=C(O)[C@H]1CSCN1,"(4S)-1,3-thiazolidine-4-carboxylic acid",aa,X,[1*]N1CSC[C@@H]1C([2*])=O,[H],[OH],,,,,"1:backbone_n,2:backbone_c",canonical-sites-v1,,,,,natural
Mpa,[2*]C(=O)[C@H](C)S[4*],(S)-2-Mercaptopropanoic acid,cap,X,[2*]C(=O)[C@H](C)S[4*],,[OH],,[H],,,"2:backbone_c,4:thiol",canonical-sites-v1,,,,,cap
Bua,[2*]C(=O)CCC,Butanoic acid,cap,"X,ButCap",[2*]C(=O)CCC,,[OH],,,,,2:backbone_c,canonical-sites-v1,,,,,cap
Glc,O=C(O)CO,Glycolic acid,cap,X,[2*]C(=O)CO[4*],,[OH],,[H],,,"2:backbone_c,4:hydroxyl",canonical-sites-v1,,,,,cap
deamino_Cys,O=C(O)CCS,Deamino-Cysteine,cap,C,[2*]C(=O)CCS[4*],,[OH],,[H],,,"2:backbone_c,4:thiol",canonical-sites-v1,,,,,cap
deamino_Dab,NCCCC(=O)O,4-aminobutanoic acid,aa,X,[1*]N([3*])CCCC([2*])=O,[H],[OH],[H],,,,"1:backbone_n,2:backbone_c,3:backbone_n_mod",canonical-sites-v1,,,,,cap
deamino_Gly_CN,[2*]C(=O)CC#N,2-cyanoacetic acid,cap,G,[2*]C(=O)CC#N,,[OH],,,,,2:backbone_c,canonical-sites-v1,,,,,cap
deamino_Gly_cPent,[2*]C(=O)CC1CCCC1,2-cyclopentylacetic acid,cap,G,[2*]C(=O)CC1CCCC1,,[OH],,,,,2:backbone_c,canonical-sites-v1,,,,,cap
deamino_Gly_OH,O=C(O)CO,2-hydroxyacetic acid,cap,G,[2*]C(=O)CO[4*],,[OH],,[H],,,"2:backbone_c,4:hydroxyl",canonical-sites-v1,,,,,cap
deamino_Gly_thien2yl,[2*]C(=O)Cc1cccs1,2-(thiophen-2-yl)acetic acid,cap,G,[2*]C(=O)Cc1cccs1,,[OH],,,,,2:backbone_c,canonical-sites-v1,,,,,cap
deamino_Ncy,O=C(O)CS,2-sulfanylacetic acid,cap,X,[2*]C(=O)CS[4*],,[OH],,[H],,,"2:backbone_c,4:thiol",canonical-sites-v1,,,,,cap
deamino_Phe,O=C(O)C(O)Cc1ccccc1,Deamino-Phenylalanine,cap,F,[2*]C(=O)C(Cc1ccccc1)O[4*],,[OH],,[H],,,"2:backbone_c,4:hydroxyl",canonical-sites-v1,,,,,cap
deamino_Phg_35diMe,[2*]C(=O)Cc1cc(C)cc(C)c1,"2-(3,5-dimethylphenyl)acetic acid",cap,F,[2*]C(=O)Cc1cc(C)cc(C)c1,,[OH],,,,,2:backbone_c,canonical-sites-v1,,,,,cap
deamino_Leu,[2*]C(=O)CCC(C)C,Deamino-Leucine,cap,L,[2*]C(=O)CCC(C)C,,[OH],,,,,2:backbone_c,canonical-sites-v1,,,,,cap
D_OAla,C[C@@H](O)C(=O)O,(2R)-2-hydroxypropanoic acid,cap,A,[2*]C(=O)[C@@H](C)O[4*],,[OH],,[H],,,"2:backbone_c,4:hydroxyl",canonical-sites-v1,,,,,cap
L_OAla,C[C@H](O)C(=O)O,(2S)-2-hydroxypropanoic acid,cap,A,[2*]C(=O)[C@H](C)O[4*],,[OH],,[H],,,"2:backbone_c,4:hydroxyl",canonical-sites-v1,,,,,cap
L_OVal,CC(C)[C@H](O)C(=O)O,(2S)-2-hydroxy-3-methylbutanoic acid,cap,V,[2*]C(=O)[C@@H](O[4*])C(C)C,,[OH],,[H],,,"2:backbone_c,4:hydroxyl",canonical-sites-v1,,,,,cap
NHBn_,ONCc1ccccc1,N-Terminal 1-phenylmethanamine,cap,X,[1*]N(O)Cc1ccccc1,[H],,,,,,1:backbone_n,canonical-sites-v1,,,,,cap
Bz,[2*]C(=O)c1ccccc1,Benzaldehyde,cap,"X,BzCap",[2*]C(=O)c1ccccc1,,[OH],,,,,2:backbone_c,canonical-sites-v1,,,,,cap
Et_,[2*]CC,N-Terminal ethyl,cap,X,[2*]CC,,[Br],,,,,2:alkyl_halide_c,canonical-sites-v1,,,,,cap
Me_,[2*]C,N-Terminal methyl,cap,X,[2*]C,,[I],,,,,2:alkyl_halide_c,canonical-sites-v1,,,,,cap
D_Tyr_Et,CCOc1ccc(C[C@@H](N)C(=O)O)cc1,(2R)-2-amino-3-(4-ethoxyphenyl)propanoic acid,aa,Y,[1*]N([3*])[C@H](Cc1ccc(OCC)cc1)C([2*])=O,[H],[OH],[H],,,,"1:backbone_n,2:backbone_c,3:backbone_n_mod",canonical-sites-v1,,,,,natural
Lys_Ac,CC(=O)NCCCC[C@H](N)C(=O)O,(2S)-2-amino-6-acetamidohexanoic acid,aa,K,[1*]N([3*])[C@@H](CCCCN([4*])C(C)=O)C([2*])=O,[H],[OH],[H],[H],,,"1:backbone_n,2:backbone_c,3:backbone_n_mod,4:amide_nh",canonical-sites-v1,,,,,natural
OMe_,CO,N-Terminal methanol,cap,X,[1*]OC,[H],,,,,,1:backbone_o,canonical-sites-v1,,,,,cap
Asp_OMe,COC(=O)C[C@H](N)C(=O)O,(2S)-2-amino-4-methoxy-4-oxobutanoic acid,aa,D,[1*]N([3*])[C@@H](CC(=O)OC)C([2*])=O,[H],[OH],[H],,,,"1:backbone_n,2:backbone_c,3:backbone_n_mod",canonical-sites-v1,,,,,natural
Sta_3xi4xi,CC(C)CC(N)C(O)CC(=O)O,4-amino-3-hydroxy-6-methylheptanoic acid,aa,X,[1*]N([3*])C(CC(C)C)C(CC([2*])=O)O[4*],[H],[OH],[H],[H],,,"1:backbone_n,2:backbone_c,3:backbone_n_mod,4:hydroxyl",canonical-sites-v1,,,,,natural
Tyr_ab_dehydroMe,COc1ccc(C=C(N)C(=O)O)cc1,2-amino-3-(4-methoxyphenyl)prop-2-enoic acid,aa,Y,[1*]N([3*])C(=Cc1ccc(OC)cc1)C([2*])=O,[H],[OH],[H],,,,"1:backbone_n,2:backbone_c,3:backbone_n_mod",canonical-sites-v1,,,,,natural
App,N[C@@H](Cc1ccccc1)[C@H](O)CC(=O)O,gamma-amino-beta-hydroxybenzenepentanoic acid,aa,X,[1*]N([3*])[C@@H](Cc1ccccc1)[C@@H](CC([2*])=O)O[4*],[H],[OH],[H],[H],,,"1:backbone_n,2:backbone_c,3:backbone_n_mod,4:hydroxyl",canonical-sites-v1,,,,,natural
Cap,N[C@@H](CCC1CCCCC1)[C@@H](O)C(=O)O,"(2R,3S)-3-amino-5-cyclohexyl-2-hydroxypentanoic acid",aa,X,[1*]N([3*])[C@@H](CCC1CCCCC1)[C@@H](O[4*])C([2*])=O,[H],[OH],[H],[H],,,"1:backbone_n,2:backbone_c,3:backbone_n_mod,4:hydroxyl",canonical-sites-v1,,,,,natural
Cys_SEt,CCSSC[C@H](N)C(=O)O,(2R)-2-amino-3-(ethyldisulfanyl)propanoic acid,aa,C,[1*]N([3*])[C@@H](CSSCC)C([2*])=O,[H],[OH],[H],,,,"1:backbone_n,2:backbone_c,3:backbone_n_mod",canonical-sites-v1,,,,,natural
Dsu,NC(CCCC[C@H](N)C(=O)O)C(=O)O,"2,7-Diaminosuberic acid",aa,X,[1*]N([3*])C(CCCC[C@@H](C([6*])=O)N([4*])[5*])C([2*])=O,[H],[OH],[H],[H],[H],[OH],"1:backbone_n,2:backbone_c,3:backbone_n_mod,4:amine_primary,5:amine_primary,6:carboxyl",canonical-sites-v1,,,,,natural
Pro_4Me3OH,CC1CN[C@H](C(=O)O)C1O,(2S)-3-hydroxy-4-methylpyrrolidine-2-carboxylic acid,aa,P,[1*]N1CC(C)C(O[4*])[C@H]1C([2*])=O,[H],[OH],,[H],,,"1:backbone_n,2:backbone_c,4:hydroxyl",canonical-sites-v1,,,,,natural
Asp_al,N[C@H](C=O)CC(=O)O,(3S)-3-amino-4-oxobutanoic acid,aa,N,[1*]N([3*])[C@@H](CC([2*])=O)C([4*])=O,[H],[OH],[H],[H],,,"1:backbone_n,2:backbone_c,3:backbone_n_mod,4:aldehyde",canonical-sites-v1,,,,,natural
_NHBn,[1*]NCc1ccccc1,C-Terminal 1-phenylmethanamine,cap,X,[1*]NCc1ccccc1,[H],,,,,,1:backbone_n,canonical-sites-v1,,,,,cap
NHMe,[1*]NC,Methanamine,cap,X,[1*]NC,[H],,,,,,1:backbone_n,canonical-sites-v1,,,,,cap
Met_O2,CS(=O)(=O)CC[C@H](N)C(=O)O,(2S)-2-amino-4-methanesulfonylbutanoic acid,aa,M,[1*]N([3*])[C@@H](CCS(C)(=O)=O)C([2*])=O,[H],[OH],[H],,,,"1:backbone_n,2:backbone_c,3:backbone_n_mod",canonical-sites-v1,,,,,natural
Phe_2Me,Cc1ccccc1C[C@H](N)C(=O)O,(2S)-2-amino-3-(2-methylphenyl)propanoic acid,aa,F,[1*]N([3*])[C@@H](Cc1ccccc1C)C([2*])=O,[H],[OH],[H],,,,"1:backbone_n,2:backbone_c,3:backbone_n_mod",canonical-sites-v1,,,,,natural
Phe_34diCl,N[C@@H](Cc1ccc(Cl)c(Cl)c1)C(=O)O,"(2S)-2-amino-3-(3,4-dichlorophenyl)propanoic acid",aa,F,[1*]N([3*])[C@@H](Cc1ccc(Cl)c(Cl)c1)C([2*])=O,[H],[OH],[H],,,,"1:backbone_n,2:backbone_c,3:backbone_n_mod",canonical-sites-v1,,,,,natural
Phe_4Br,N[C@@H](Cc1ccc(Br)cc1)C(=O)O,(2S)-2-amino-3-(4-bromophenyl)propanoic acid,aa,F,[1*]N([3*])[C@@H](Cc1ccc(Br)cc1)C([2*])=O,[H],[OH],[H],,,,"1:backbone_n,2:backbone_c,3:backbone_n_mod",canonical-sites-v1,,,,,natural
Phe_4I,N[C@@H](Cc1ccc(I)cc1)C(=O)O,(2S)-2-amino-3-(4-iodophenyl)propanoic acid,aa,F,[1*]N([3*])[C@@H](Cc1ccc(I)cc1)C([2*])=O,[H],[OH],[H],,,,"1:backbone_n,2:backbone_c,3:backbone_n_mod",canonical-sites-v1,,,,,natural
Phe_4Sdihydroorotamido,N[C@@H](Cc1ccc(NC(=O)[C@@H]2CC(=O)NC(=O)N2)cc1)C(=O)O,"(2S)-2-amino-3-{4-[(4S)-2,6-dioxo-1,3-diazinane-4-amido]phenyl}propanoic acid",aa,F,[1*]N([3*])[C@@H](Cc1ccc(N([4*])C(=O)[C@@H]2CC(=O)N([6*])C(=O)N2[5*])cc1)C([2*])=O,[H],[OH],[H],[H],[H],[H],"1:backbone_n,2:backbone_c,3:backbone_n_mod,4:amide_nh,5:urea_nh,6:urea_nh",canonical-sites-v1,,,,,natural
Pyl,C[C@@H]1CC=N[C@H]1C(=O)NCCCC[C@H](N)C(=O)O,Pyrrolysine,aa,X,[1*]N([3*])[C@@H](CCCCN([4*])C(=O)[C@@H]1N=CC[C@H]1C)C([2*])=O,[H],[OH],[H],[H],,,"1:backbone_n,2:backbone_c,3:backbone_n_mod,4:amide_nh",canonical-sites-v1,,,,,natural
Ser_PO3H2,N[C@@H](COP(=O)(O)O)C(=O)O,(2S)-2-amino-3-(phosphonooxy)propanoic acid,aa,S,[1*]N([3*])[C@@H](COP([4*])([5*])=O)C([2*])=O,[H],[OH],[H],[OH],[OH],,"1:backbone_n,2:backbone_c,3:backbone_n_mod,4:phosphate_p,5:phosphate_p",canonical-sites-v1,,,,,natural
Thr_PO3H2,C[C@@H](OP(=O)(O)O)[C@H](N)C(=O)O,"(2S,3R)-2-amino-3-(phosphonooxy)butanoic acid",aa,T,[1*]N([3*])[C@H](C([2*])=O)[C@@H](C)OP([4*])([5*])=O,[H],[OH],[H],[OH],[OH],,"1:backbone_n,2:backbone_c,3:backbone_n_mod,4:phosphate_p,5:phosphate_p",canonical-sites-v1,,,,,natural
Thz,O=C(O)[C@@H]1CSCN1,"(4R)-1,3-thiazolidine-4-carboxylic acid",aa,X,[1*]N1CSC[C@H]1C([2*])=O,[H],[OH],,,,,"1:backbone_n,2:backbone_c",canonical-sites-v1,,,,,natural
Trp_Me,Cn1cc(C[C@H](N)C(=O)O)c2ccccc21,(2S)-2-amino-3-(1-methyl-1H-indol-3-yl)propanoic acid,aa,"W,Trp_1Me",[1*]N([3*])[C@@H](Cc1cn(C)c2ccccc12)C([2*])=O,[H],[OH],[H],,,,"1:backbone_n,2:backbone_c,3:backbone_n_mod",canonical-sites-v1,,,,,natural
Tyr_26diMe,Cc1cc(O)cc(C)c1C[C@H](N)C(=O)O,"(2S)-2-amino-3-(4-hydroxy-2,6-dimethylphenyl)propanoic acid",aa,"Y,Tyr_35diMe",[1*]N([3*])[C@@H](Cc1c(C)cc(O[4*])cc1C)C([2*])=O,[H],[OH],[H],[H],,,"1:backbone_n,2:backbone_c,3:backbone_n_mod,4:aryl_phenol_o",canonical-sites-v1,,,,,natural
Tyr_3I,N[C@@H](Cc1ccc(O)c(I)c1)C(=O)O,(2S)-2-amino-3-(4-hydroxy-3-iodophenyl)propanoic acid,aa,Y,[1*]N([3*])[C@@H](Cc1ccc(O[4*])c(I)c1)C([2*])=O,[H],[OH],[H],[H],,,"1:backbone_n,2:backbone_c,3:backbone_n_mod,4:aryl_phenol_o",canonical-sites-v1,,,,,natural
Tyr_3NO2,N[C@@H](Cc1ccc(O)c([N+](=O)[O-])c1)C(=O)O,(2S)-2-amino-3-(4-hydroxy-3-nitrophenyl)propanoic acid,aa,Y,[1*]N([3*])[C@@H](Cc1ccc(O[4*])c([N+](=O)[O-])c1)C([2*])=O,[H],[OH],[H],[H],,,"1:backbone_n,2:backbone_c,3:backbone_n_mod,4:aryl_phenol_o",canonical-sites-v1,,,,,natural
Tyr_Ph4OH,N[C@@H](Cc1ccc(Oc2ccc(O)cc2)cc1)C(=O)O,(2S)-2-amino-3-[4-(4-hydroxyphenoxy)phenyl]propanoic acid,aa,Y,[1*]N([3*])[C@@H](Cc1ccc(Oc2ccc(O[4*])cc2)cc1)C([2*])=O,[H],[OH],[H],[H],,,"1:backbone_n,2:backbone_c,3:backbone_n_mod,4:aryl_phenol_o",canonical-sites-v1,,,,,natural
Tyr_SO3H,N[C@@H](Cc1ccc(OS(=O)(=O)O)cc1)C(=O)O,(2S)-2-amino-3-[4-(sulfooxy)phenyl]propanoic acid,aa,Y,[1*]N([3*])[C@@H](Cc1ccc(OS(=O)(=O)O)cc1)C([2*])=O,[H],[OH],[H],,,,"1:backbone_n,2:backbone_c,3:backbone_n_mod",canonical-sites-v1,,,,,natural
Val_3OH,CC(C)(O)[C@H](N)C(=O)O,(2S)-2-amino-3-hydroxy-3-methylbutanoic acid,aa,V,[1*]N([3*])[C@H](C([2*])=O)C(C)(C)O[4*],[H],[OH],[H],[H],,,"1:backbone_n,2:backbone_c,3:backbone_n_mod,4:hydroxyl",canonical-sites-v1,,,,,natural
xiIle,CCC(C)[C@H](N)C(=O)O,(2S)-2-amino-3-methylpentanoic acid,aa,I,[1*]N([3*])[C@H](C([2*])=O)C(C)CC,[H],[OH],[H],,,,"1:backbone_n,2:backbone_c,3:backbone_n_mod",canonical-sites-v1,,,,,natural
aMePhe,C[C@](N)(Cc1ccccc1)C(=O)O,(2S)-2-amino-2-methyl-3-phenylpropanoic acid,aa,F,[1*]N([3*])[C@@](C)(Cc1ccccc1)C([2*])=O,[H],[OH],[H],,,,"1:backbone_n,2:backbone_c,3:backbone_n_mod",canonical-sites-v1,,,,,natural
aMePro,C[C@@]1(C(=O)O)CCCN1,(2S)-2-methylpyrrolidine-2-carboxylic acid,aa,P,[1*]N1CCC[C@@]1(C)C([2*])=O,[H],[OH],,,,,"1:backbone_n,2:backbone_c",canonical-sites-v1,,,,,natural
aMeTyr_3OH,C[C@](N)(Cc1ccc(O)c(O)c1)C(=O)O,"(2S)-2-amino-3-(3,4-dihydroxyphenyl)-2-methylpropanoic acid",aa,Y,[1*]N([3*])[C@@](C)(Cc1ccc(O[4*])c(O[5*])c1)C([2*])=O,[H],[OH],[H],[H],[H],,"1:backbone_n,2:backbone_c,3:backbone_n_mod,4:aryl_phenol_o,5:aryl_phenol_o",canonical-sites-v1,,,,,natural
Bmt,CC=CC[C@@H](C)[C@@H](O)[C@H](N)C(=O)O,"(2S,3R,4R)-2-amino-3-hydroxy-4-methyloct-6-enoic acid",aa,"X,Bmt_E",[1*]N([3*])[C@H](C([2*])=O)[C@H](O[4*])[C@H](C)CC=CC,[H],[OH],[H],[H],,,"1:backbone_n,2:backbone_c,3:backbone_n_mod,4:hydroxyl",canonical-sites-v1,,,,,natural
Bmt_E,C/C=C/C[C@@H](C)[C@@H](O)[C@H](N)C(=O)O,"(2S,3R,4R,6E)-2-amino-3-hydroxy-4-methyloct-6-enoic acid",aa,X,[1*]N([3*])[C@H](C([2*])=O)[C@H](O[4*])[C@H](C)C/C=C/C,[H],[OH],[H],[H],,,"1:backbone_n,2:backbone_c,3:backbone_n_mod,4:hydroxyl",canonical-sites-v1,,,,,natural
Cys_Bn,N[C@@H](CSCc1ccccc1)C(=O)O,(2R)-2-amino-3-(benzylsulfanyl)propanoic acid,aa,C,[1*]N([3*])[C@@H](CSCc1ccccc1)C([2*])=O,[H],[OH],[H],,,,"1:backbone_n,2:backbone_c,3:backbone_n_mod",canonical-sites-v1,,,,,natural
Gla,N[C@@H](CC(C(=O)O)C(=O)O)C(=O)O,Carboxyglutamic acid,aa,E,[1*]N([3*])[C@@H](CC(C([4*])=O)C([5*])=O)C([2*])=O,[H],[OH],[H],[OH],[OH],,"1:backbone_n,2:backbone_c,3:backbone_n_mod,4:carboxyl,5:carboxyl",canonical-sites-v1,,,,,natural
hHis,N[C@@H](CCc1c[nH]cn1)C(=O)O,(2S)-2-amino-4-(1H-imidazol-4-yl)butanoic acid,aa,H,[1*]N([3*])[C@@H](CCc1cn([4*])cn1)C([2*])=O,[H],[OH],[H],[H],,,"1:backbone_n,2:backbone_c,3:backbone_n_mod,4:aromatic_nh",canonical-sites-v1,,,,,natural
His_1Me,Cn1cnc(C[C@H](N)C(=O)O)c1,(2S)-2-amino-3-(1-methyl-1H-imidazol-4-yl)propanoic acid,aa,H,[1*]N([3*])[C@@H](Cc1cn(C)cn1)C([2*])=O,[H],[OH],[H],,,,"1:backbone_n,2:backbone_c,3:backbone_n_mod",canonical-sites-v1,,,,,natural
Gly_allyl,C=CC[C@H](N)C(=O)O,(2S)-2-aminopent-4-enoic acid,aa,G,[1*]N([3*])[C@@H](CC([4*])=C)C([2*])=O,[H],[OH],[H],[H],,,"1:backbone_n,2:backbone_c,3:backbone_n_mod,4:terminal_alkene",canonical-sites-v1,,,,,natural
Gly_cPr,N[C@H](C(=O)O)C1CC1,(2S)-2-amino-2-cyclopropylacetic acid,aa,G,[1*]N([3*])[C@H](C([2*])=O)C1CC1,[H],[OH],[H],,,,"1:backbone_n,2:backbone_c,3:backbone_n_mod",canonical-sites-v1,,,,,natural
Asp_Ph2NH2,Nc1ccccc1C(=O)C[C@H](N)C(=O)O,(2S)-2-amino-4-(2-aminophenyl)-4-oxobutanoic acid,aa,"D,Kyn",[1*]N([3*])[C@@H](CC(=O)c1ccccc1N([4*])[5*])C([2*])=O,[H],[OH],[H],[H],[H],,"1:backbone_n,2:backbone_c,3:backbone_n_mod,4:amine_primary,5:amine_primary",canonical-sites-v1,,,,,natural
Azi,O=C(O)[C@@H]1CN1,(2S)-aziridine-2-carboxylic acid,aa,X,[1*]N1C[C@H]1C([2*])=O,[H],[OH],,,,,"1:backbone_n,2:backbone_c",canonical-sites-v1,,,,,natural
2Abz,Nc1ccccc1C(=O)O,2-Aminobenzoic acid,aa,X,[1*]N([3*])c1ccccc1C([2*])=O,[H],[OH],[H],,,,"1:backbone_n,2:backbone_c,3:backbone_n_mod",canonical-sites-v1,,,,,natural
3Abz,Nc1cccc(C(=O)O)c1,3-Aminobenzoic acid,aa,X,[1*]N([3*])c1cccc(C([2*])=O)c1,[H],[OH],[H],,,,"1:backbone_n,2:backbone_c,3:backbone_n_mod",canonical-sites-v1,,,,,natural
4Abz,Nc1ccc(C(=O)O)cc1,4-Aminobenzoic acid,aa,X,[1*]N([3*])c1ccc(C([2*])=O)cc1,[H],[OH],[H],,,,"1:backbone_n,2:backbone_c,3:backbone_n_mod",canonical-sites-v1,,,,,natural
Ac3c,NC1(C(=O)O)CC1,1-aminocyclopropane-1-carboxylic acid,aa,X,[1*]N([3*])C1(C([2*])=O)CC1,[H],[OH],[H],,,,"1:backbone_n,2:backbone_c,3:backbone_n_mod",canonical-sites-v1,,,,,natural
Ac6c,NC1(C(=O)O)CCCCC1,1-aminocyclohexane-1-carboxylic acid,aa,X,[1*]N([3*])C1(C([2*])=O)CCCCC1,[H],[OH],[H],,,,"1:backbone_n,2:backbone_c,3:backbone_n_mod",canonical-sites-v1,,,,,natural
bAla,NCCC(=O)O,3-aminopropanoic acid,aa,A,[1*]N([3*])CCC([2*])=O,[H],[OH],[H],,,,"1:backbone_n,2:backbone_c,3:backbone_n_mod",canonical-sites-v1,,,,,natural
D_Bmt,CC=CC[C@H](C)[C@H](O)[C@@H](N)C(=O)O,"(2R,3S,4S)-2-amino-3-hydroxy-4-methyloct-6-enoic acid",aa,"X,D_Bmt_E",[1*]N([3*])[C@@H](C([2*])=O)[C@@H](O[4*])[C@@H](C)CC=CC,[H],[OH],[H],[H],,,"1:backbone_n,2:backbone_c,3:backbone_n_mod,4:hydroxyl",canonical-sites-v1,,,,,natural
D_Bmt_E,C/C=C/C[C@H](C)[C@H](O)[C@@H](N)C(=O)O,"(2R,3S,4S,6E)-2-amino-3-hydroxy-4-methyloct-6-enoic acid",aa,X,[1*]N([3*])[C@@H](C([2*])=O)[C@@H](O[4*])[C@@H](C)C/C=C/C,[H],[OH],[H],[H],,,"1:backbone_n,2:backbone_c,3:backbone_n_mod,4:hydroxyl",canonical-sites-v1,,,,,natural
D_Phe_4F,N[C@H](Cc1ccc(F)cc1)C(=O)O,(2R)-2-amino-3-(4-fluorophenyl)propanoic acid,aa,F,[1*]N([3*])[C@H](Cc1ccc(F)cc1)C([2*])=O,[H],[OH],[H],,,,"1:backbone_n,2:backbone_c,3:backbone_n_mod",canonical-sites-v1,,,,,natural
D_Trp_2Me,Cc1[nH]c2ccccc2c1C[C@@H](N)C(=O)O,(2R)-2-amino-3-(2-methyl-1H-indol-3-yl)propanoic acid,aa,W,[1*]N([3*])[C@H](Cc1c(C)n([4*])c2ccccc12)C([2*])=O,[H],[OH],[H],[H],,,"1:backbone_n,2:backbone_c,3:backbone_n_mod,4:aromatic_nh",canonical-sites-v1,,,,,natural
D_Tyr_3OH,N[C@H](Cc1ccc(O)c(O)c1)C(=O)O,"(2R)-2-amino-3-(3,4-dihydroxyphenyl)propanoic acid",aa,"Y,D_Dopa",[1*]N([3*])[C@H](Cc1ccc(O[4*])c(O[5*])c1)C([2*])=O,[H],[OH],[H],[H],[H],,"1:backbone_n,2:backbone_c,3:backbone_n_mod,4:aryl_phenol_o,5:aryl_phenol_o",canonical-sites-v1,,,,,natural
D_Tyr_Me,COc1ccc(C[C@@H](N)C(=O)O)cc1,(2R)-2-amino-3-(4-methoxyphenyl)propanoic acid,aa,"Y,D_Phe_4OMe",[1*]N([3*])[C@H](Cc1ccc(OC)cc1)C([2*])=O,[H],[OH],[H],,,,"1:backbone_n,2:backbone_c,3:backbone_n_mod",canonical-sites-v1,,,,,natural
D_xiIle,CCC(C)[C@@H](N)C(=O)O,(2R)-2-amino-3-methylpentanoic acid,aa,I,[1*]N([3*])[C@@H](C([2*])=O)C(C)CC,[H],[OH],[H],,,,"1:backbone_n,2:backbone_c,3:backbone_n_mod",canonical-sites-v1,,,,,natural
Lys_iPr,CC(C)NCCCC[C@H](N)C(=O)O,(2S)-2-amino-6-[(propan-2-yl)amino]hexanoic acid,aa,K,[1*]N([3*])[C@@H](CCCCN([4*])C(C)C)C([2*])=O,[H],[OH],[H],[H],,,"1:backbone_n,2:backbone_c,3:backbone_n_mod,4:amine_secondary",canonical-sites-v1,,,,,natural
_Bn,BrCc1ccccc1,C-Terminal toluene,cap,X,[2*]Cc1ccccc1,,[Br],,,,,2:alkyl_halide_c,canonical-sites-v1,,,,,cap
_OBn,[1*]OCc1ccccc1,C-Terminal phenylmethanol,cap,X,[1*]OCc1ccccc1,[H],,,,,,1:backbone_o,canonical-sites-v1,,,,,cap
Ph,[1*]c1ccccc1,Phenyl,cap,X,[1*]c1ccccc1,[H],,,,,,1:aryl_c_anchor,canonical-sites-v1,,,,,cap
Boc,CC(C)(C)OC(=O)O,Tert-butyloxycarbonyl,cap,X,[2*]C(=O)OC(C)(C)C,,[OH],,,,,2:backbone_c,canonical-sites-v1,,,,,cap
Mba,[2*]C(=O)[C@H](CC)S[4*],Mercaptobutanoic acid,cap,X,[2*]C(=O)[C@H](CC)S[4*],,[OH],,[H],,,"2:backbone_c,4:thiol",canonical-sites-v1,,,,,cap
Hva,CCC[C@H](O)C(=O)O,2-Hydroxypentanoic acid,cap,X,[2*]C(=O)[C@H](CCC)O[4*],,[OH],,[H],,,"2:backbone_c,4:hydroxyl",canonical-sites-v1,,,,,cap
deamino_Chg,[2*]C(=O)CC1CCCCC1,2-cyclohexylacetic acid,cap,X,[2*]C(=O)CC1CCCCC1,,[OH],,,,,2:backbone_c,canonical-sites-v1,,,,,cap
deamino_Dip,[2*]C(=O)CC(c1ccccc1)c1ccccc1,"3,3-diphenylpropanoic acid",cap,X,[2*]C(=O)CC(c1ccccc1)c1ccccc1,,[OH],,,,,2:backbone_c,canonical-sites-v1,,,,,cap
deamino_Gly_tBu,[2*]C(=O)CC(C)(C)C,"3,3-dimethylbutanoic acid",cap,G,[2*]C(=O)CC(C)(C)C,,[OH],,,,,2:backbone_c,canonical-sites-v1,,,,,cap
deamino_hPhe,[2*]C(=O)CCCc1ccccc1,4-phenylbutanoic acid,cap,F,[2*]C(=O)CCCc1ccccc1,,[OH],,,,,2:backbone_c,canonical-sites-v1,,,,,cap
deamino_nTyr_Me,[2*]C(=O)Cc1ccc(OC)cc1,2-(4-methoxyphenyl)acetic acid,cap,Y,[2*]C(=O)Cc1ccc(OC)cc1,,[OH],,,,,2:backbone_c,canonical-sites-v1,,,,,cap
deamino_Phg_4Cl,[2*]C(=O)Cc1ccc(Cl)cc1,2-(4-chlorophenyl)acetic acid,cap,G,[2*]C(=O)Cc1ccc(Cl)cc1,,[OH],,,,,2:backbone_c,canonical-sites-v1,,,,,cap
D_OVal,CC(C)[C@@H](O)C(=O)O,(2R)-2-hydroxy-3-methylbutanoic acid,cap,V,[2*]C(=O)[C@H](O[4*])C(C)C,,[OH],,[H],,,"2:backbone_c,4:hydroxyl",canonical-sites-v1,,,,,cap
OLeu,CC(C)C[C@H](O)C(=O)O,(2S)-2-hydroxy-4-methylpentanoic acid,cap,L,[2*]C(=O)[C@H](CC(C)C)O[4*],,[OH],,[H],,,"2:backbone_c,4:hydroxyl",canonical-sites-v1,,,,,cap
Bn_,[2*]Cc1ccccc1,N-Terminal toluene,cap,X,[2*]Cc1ccccc1,,[Br],,,,,2:alkyl_halide_c,canonical-sites-v1,,,,,cap
OBn_,OCc1ccccc1,N-Terminal phenylmethanol,cap,X,[1*]OCc1ccccc1,[H],,,,,,1:backbone_o,canonical-sites-v1,,,,,cap
deamino_Lys,NCCCCC(O)C(=O)O,Deamino-Lysine,aa,K,[1*]N([3*])CCCCC(O[4*])C([2*])=O,[H],[OH],[H],[H],,,"1:backbone_n,2:backbone_c,3:backbone_n_mod,4:hydroxyl",canonical-sites-v1,,,,,cap
Phe_ab_dehydro_3NO2,NC(=Cc1cccc([N+](=O)[O-])c1)C(=O)O,2-amino-3-(3-nitrophenyl)prop-2-enoic acid,aa,F,[1*]N([3*])C(=Cc1cccc([N+](=O)[O-])c1)C([2*])=O,[H],[OH],[H],,,,"1:backbone_n,2:backbone_c,3:backbone_n_mod",canonical-sites-v1,,,,,natural
Sta_3S4S,CC(C)C[C@H](N)[C@@H](O)CC(=O)O,"(3S,4S)-4-amino-3-hydroxy-6-methylheptanoic acid",aa,X,[1*]N([3*])[C@@H](CC(C)C)[C@H](CC([2*])=O)O[4*],[H],[OH],[H],[H],,,"1:backbone_n,2:backbone_c,3:backbone_n_mod,4:hydroxyl",canonical-sites-v1,,,,,natural
Bux,NC[C@@H](O)CC(=O)O,(3S)-4-amino-3-hydroxybutanoic acid,aa,X,[1*]N([3*])C[C@H](CC([2*])=O)O[4*],[H],[OH],[H],[H],,,"1:backbone_n,2:backbone_c,3:backbone_n_mod,4:hydroxyl",canonical-sites-v1,,,,,natural
Dpm,NC(N)(CCCCC(=O)O)C(=O)O,Diaminopimelic acid,aa,X,[1*]N([3*])C(CCCCC([6*])=O)(C([2*])=O)N([4*])[5*],[H],[OH],[H],[H],[H],[OH],"1:backbone_n,2:backbone_c,3:backbone_n_mod,4:amine_primary,5:amine_primary,6:carboxyl",canonical-sites-v1,,,,,natural
seC,N[C@@H](C[SeH])C(=O)O,SelenoCysteine,aa,C,[1*]N([3*])[C@@H](C[Se][4*])C([2*])=O,[H],[OH],[H],[H],,,"1:backbone_n,2:backbone_c,3:backbone_n_mod,4:selenol",canonical-sites-v1,,,,,natural
"L_hArg(Et,Et)",CCN=C(NCC)NCCCC[C@H](N)C(=O)O,(2S)-2-amino-6-{[bis(ethylamino)methylidene]amino}hexanoic acid,aa,R,[1*]N([3*])[C@@H](CCCCN([5*])C(=NCC)N([4*])CC)C([2*])=O,[H],[OH],[H],[H],[H],,"1:backbone_n,2:backbone_c,3:backbone_n_mod,4:guanidinium,5:guanidinium",canonical-sites-v1,,,,,natural
Met_O,C[S+]([O-])CC[C@H](N)C(=O)O,(2S)-2-amino-4-methanesulfinylbutanoic acid,aa,M,[1*]N([3*])[C@@H](CC[S+](C)[O-])C([2*])=O,[H],[OH],[H],,,,"1:backbone_n,2:backbone_c,3:backbone_n_mod",canonical-sites-v1,,,,,natural
nTyr,N[C@H](C(=O)O)c1ccc(O)cc1,(2S)-2-amino-2-(4-hydroxyphenyl)acetic acid,aa,Y,[1*]N([3*])[C@H](C([2*])=O)c1ccc(O[4*])cc1,[H],[OH],[H],[H],,,"1:backbone_n,2:backbone_c,3:backbone_n_mod,4:aryl_phenol_o",canonical-sites-v1,,,,,natural
Oic_3aR_7aS,O=C(O)[C@@H]1C[C@H]2CCCC[C@@H]2N1,"(2S,3aR,7aS)-octahydro-1H-indole-2-carboxylic acid",aa,X,[1*]N1[C@H](C([2*])=O)C[C@H]2CCCC[C@@H]21,[H],[OH],,,,,"1:backbone_n,2:backbone_c",canonical-sites-v1,,,,,natural
Oic_3axi_7axi,O=C(O)[C@@H]1CC2CCCCC2N1,(2S)-octahydro-1H-indole-2-carboxylic acid,aa,X,[1*]N1C2CCCCC2C[C@H]1C([2*])=O,[H],[OH],,,,,"1:backbone_n,2:backbone_c",canonical-sites-v1,,,,,natural
Phe_2F,N[C@@H](Cc1ccccc1F)C(=O)O,(2S)-2-amino-3-(2-fluorophenyl)propanoic acid,aa,F,[1*]N([3*])[C@@H](Cc1ccccc1F)C([2*])=O,[H],[OH],[H],,,,"1:backbone_n,2:backbone_c,3:backbone_n_mod",canonical-sites-v1,,,,,natural
Phe_3F,N[C@@H](Cc1cccc(F)c1)C(=O)O,(2S)-2-amino-3-(3-fluorophenyl)propanoic acid,aa,F,[1*]N([3*])[C@@H](Cc1cccc(F)c1)C([2*])=O,[H],[OH],[H],,,,"1:backbone_n,2:backbone_c,3:backbone_n_mod",canonical-sites-v1,,,,,natural
Phe_4F,N[C@@H](Cc1ccc(F)cc1)C(=O)O,(2S)-2-amino-3-(4-fluorophenyl)propanoic acid,aa,F,[1*]N([3*])[C@@H](Cc1ccc(F)cc1)C([2*])=O,[H],[OH],[H],,,,"1:backbone_n,2:backbone_c,3:backbone_n_mod",canonical-sites-v1,,,,,natural
Phe_4NO2,N[C@@H](Cc1ccc([N+](=O)[O-])cc1)C(=O)O,(2S)-2-amino-3-(4-nitrophenyl)propanoic acid,aa,F,[1*]N([3*])[C@@H](Cc1ccc([N+](=O)[O-])cc1)C([2*])=O,[H],[OH],[H],,,,"1:backbone_n,2:backbone_c,3:backbone_n_mod",canonical-sites-v1,,,,,natural
Phe_bbdiMe,CC(C)(c1ccccc1)[C@H](N)C(=O)O,(2S)-2-amino-3-methyl-3-phenylbutanoic acid,aa,F,[1*]N([3*])[C@H](C([2*])=O)C(C)(C)c1ccccc1,[H],[OH],[H],,,,"1:backbone_n,2:backbone_c,3:backbone_n_mod",canonical-sites-v1,,,,,natural
Trp_5OH,N[C@@H](Cc1c[nH]c2ccc(O)cc12)C(=O)O,(2S)-2-amino-3-(5-hydroxy-1H-indol-3-yl)propanoic acid,aa,W,[1*]N([3*])[C@@H](Cc1cn([4*])c2ccc(O[5*])cc12)C([2*])=O,[H],[OH],[H],[H],[H],,"1:backbone_n,2:backbone_c,3:backbone_n_mod,4:aromatic_nh,5:aryl_phenol_o",canonical-sites-v1,,,,,natural
Trp_Ome,COn1cc(C[C@H](N)C(=O)O)c2ccccc21,(2S)-2-amino-3-(1-methoxy-1H-indol-3-yl)propanoic acid,aa,W,[1*]N([3*])[C@@H](Cc1cn(OC)c2ccccc12)C([2*])=O,[H],[OH],[H],,,,"1:backbone_n,2:backbone_c,3:backbone_n_mod",canonical-sites-v1,,,,,natural
Tyr_35diI,N[C@@H](Cc1cc(I)c(O)c(I)c1)C(=O)O,"(2S)-2-amino-3-(4-hydroxy-3,5-diiodophenyl)propanoic acid",aa,Y,[1*]N([3*])[C@@H](Cc1cc(I)c(O[4*])c(I)c1)C([2*])=O,[H],[OH],[H],[H],,,"1:backbone_n,2:backbone_c,3:backbone_n_mod,4:aryl_phenol_o",canonical-sites-v1,,,,,natural
Tyr_3OH,N[C@@H](Cc1ccc(O)c(O)c1)C(=O)O,"(2S)-2-amino-3-(3,4-dihydroxyphenyl)propanoic acid",aa,"Y,Dopa",[1*]N([3*])[C@@H](Cc1ccc(O[4*])c(O[5*])c1)C([2*])=O,[H],[OH],[H],[H],[H],,"1:backbone_n,2:backbone_c,3:backbone_n_mod,4:aryl_phenol_o,5:aryl_phenol_o",canonical-sites-v1,,,,,natural
Tyr_Me,COc1ccc(C[C@H](N)C(=O)O)cc1,(2S)-2-amino-3-(4-methoxyphenyl)propanoic acid,aa,"Y,Phe_4OMe",[1*]N([3*])[C@@H](Cc1ccc(OC)cc1)C([2*])=O,[H],[OH],[H],,,,"1:backbone_n,2:backbone_c,3:backbone_n_mod",canonical-sites-v1,,,,,natural
Tyr_PO3H2,N[C@@H](Cc1ccc(OP(=O)(O)O)cc1)C(=O)O,(2S)-2-amino-3-[4-(phosphonooxy)phenyl]propanoic acid,aa,Y,[1*]N([3*])[C@@H](Cc1ccc(OP([4*])([5*])=O)cc1)C([2*])=O,[H],[OH],[H],[OH],[OH],,"1:backbone_n,2:backbone_c,3:backbone_n_mod,4:phosphate_p,5:phosphate_p",canonical-sites-v1,,,,,natural
xiHyp,O=C(O)[C@@H]1CC(O)CN1,(2S)-4-hydroxypyrrolidine-2-carboxylic acid,aa,P,[1*]N1CC(O[4*])C[C@H]1C([2*])=O,[H],[OH],,[H],,,"1:backbone_n,2:backbone_c,4:hydroxyl",canonical-sites-v1,,,,,natural
xiThr,CC(O)[C@H](N)C(=O)O,(2S)-2-amino-3-hydroxybutanoic acid,aa,T,[1*]N([3*])[C@H](C([2*])=O)C(C)O[4*],[H],[OH],[H],[H],,,"1:backbone_n,2:backbone_c,3:backbone_n_mod,4:hydroxyl",canonical-sites-v1,,,,,natural
aMeTyr,C[C@](N)(Cc1ccc(O)cc1)C(=O)O,(2S)-2-amino-3-(4-hydroxyphenyl)-2-methylpropanoic acid,aa,Y,[1*]N([3*])[C@@](C)(Cc1ccc(O[4*])cc1)C([2*])=O,[H],[OH],[H],[H],,,"1:backbone_n,2:backbone_c,3:backbone_n_mod,4:aryl_phenol_o",canonical-sites-v1,,,,,natural
Aoda,CCC(=O)CCCCC[C@H](N)C(=O)O,(2S)-2-amino-8-oxodecanoic acid,aa,X,[1*]N([3*])[C@@H](CCCCCC(=O)CC)C([2*])=O,[H],[OH],[H],,,,"1:backbone_n,2:backbone_c,3:backbone_n_mod",canonical-sites-v1,,,,,natural
Bpa,N[C@@H](Cc1ccc(C(=O)c2ccccc2)cc1)C(=O)O,(2S)-2-amino-3-(4-benzoylphenyl)propanoic acid,aa,X,[1*]N([3*])[C@@H](Cc1ccc(C(=O)c2ccccc2)cc1)C([2*])=O,[H],[OH],[H],,,,"1:backbone_n,2:backbone_c,3:backbone_n_mod",canonical-sites-v1,,,,,natural
Cys_Me,CSC[C@H](N)C(=O)O,(2R)-2-amino-3-(methylsulfanyl)propanoic acid,aa,C,[1*]N([3*])[C@@H](CSC)C([2*])=O,[H],[OH],[H],,,,"1:backbone_n,2:backbone_c,3:backbone_n_mod",canonical-sites-v1,,,,,natural
Dip,N[C@H](C(=O)O)C(c1ccccc1)c1ccccc1,"(2S)-2-amino-3,3-diphenylpropanoic acid",aa,X,[1*]N([3*])[C@H](C([2*])=O)C(c1ccccc1)c1ccccc1,[H],[OH],[H],,,,"1:backbone_n,2:backbone_c,3:backbone_n_mod",canonical-sites-v1,,,,,natural
hArg,[1*]N([3*])[C@@H](CCCCN([8*])C(N([4*])[5*])N([6*])[7*])C([2*])=O,(2S)-2-amino-6-[(diaminomethyl)amino]hexanoic acid,aa,R,[1*]N([3*])[C@@H](CCCCN([8*])C(N([4*])[5*])N([6*])[7*])C([2*])=O,[H],[OH],[H],[H],[H],[H],"1:backbone_n,2:backbone_c,3:backbone_n_mod,4:amine_primary,5:amine_primary,6:amine_primary,7:amine_primary,8:amine_secondary",canonical-sites-v1,[H],[H],,,natural
His_1Bn,N[C@@H](Cc1cn(Cc2ccccc2)cn1)C(=O)O,(2S)-2-amino-3-(1-benzyl-1H-imidazol-4-yl)propanoic acid,aa,H,[1*]N([3*])[C@@H](Cc1cn(Cc2ccccc2)cn1)C([2*])=O,[H],[OH],[H],,,,"1:backbone_n,2:backbone_c,3:backbone_n_mod",canonical-sites-v1,,,,,natural
His_3Me,Cn1cncc1C[C@H](N)C(=O)O,(2S)-2-amino-3-(1-methyl-1H-imidazol-5-yl)propanoic acid,aa,H,[1*]N([3*])[C@@H](Cc1cncn1C)C([2*])=O,[H],[OH],[H],,,,"1:backbone_n,2:backbone_c,3:backbone_n_mod",canonical-sites-v1,,,,,natural
Hyl_5xi,NCC(O)CC[C@H](N)C(=O)O,"(2S)-2,6-diamino-5-hydroxyhexanoic acid",aa,K,[1*]N([3*])[C@@H](CCC(CN([4*])[5*])O[6*])C([2*])=O,[H],[OH],[H],[H],[H],[H],"1:backbone_n,2:backbone_c,3:backbone_n_mod,4:amine_primary,5:amine_primary,6:hydroxyl",canonical-sites-v1,,,,,natural
Bip,N[C@@H](Cc1ccc(-c2ccccc2)cc1)C(=O)O,"(2S)-2-amino-3-{[1,1'-biphenyl]-4-yl}propanoic acid",aa,"X,BiPheAla",[1*]N([3*])[C@@H](Cc1ccc(-c2ccccc2)cc1)C([2*])=O,[H],[OH],[H],,,,"1:backbone_n,2:backbone_c,3:backbone_n_mod",canonical-sites-v1,,,,,natural
D_Dip,N[C@@H](C(=O)O)C(c1ccccc1)c1ccccc1,"(2R)-2-amino-3,3-diphenylpropanoic acid",aa,X,[1*]N([3*])[C@@H](C([2*])=O)C(c1ccccc1)c1ccccc1,[H],[OH],[H],,,,"1:backbone_n,2:backbone_c,3:backbone_n_mod",canonical-sites-v1,,,,,natural
D_hArg_Et2,CCN=C(NCC)NCCCC[C@@H](N)C(=O)O,(2R)-2-amino-6-{[bis(ethylamino)methylidene]amino}hexanoic acid,aa,R,[1*]N([3*])[C@H](CCCCN([5*])C(=NCC)N([4*])CC)C([2*])=O,[H],[OH],[H],[H],[H],,"1:backbone_n,2:backbone_c,3:backbone_n_mod,4:guanidinium,5:guanidinium",canonical-sites-v1,,,,,natural
D_Met_S_O,C[S@+]([O-])CC[C@@H](N)C(=O)O,(2R)-2-amino-4-[(S)-methanesulfinyl]butanoic acid,aa,M,[1*]N([3*])[C@H](CC[S@+](C)[O-])C([2*])=O,[H],[OH],[H],,,,"1:backbone_n,2:backbone_c,3:backbone_n_mod",canonical-sites-v1,,,,,natural
D_His_1Bn,N[C@H](Cc1cn(Cc2ccccc2)cn1)C(=O)O,(2R)-2-amino-3-(1-benzyl-1H-imidazol-4-yl)propanoic acid,aa,H,[1*]N([3*])[C@H](Cc1cn(Cc2ccccc2)cn1)C([2*])=O,[H],[OH],[H],,,,"1:backbone_n,2:backbone_c,3:backbone_n_mod",canonical-sites-v1,,,,,natural
D_nTyr,N[C@@H](C(=O)O)c1ccc(O)cc1,(2R)-2-amino-2-(4-hydroxyphenyl)acetic acid,aa,Y,[1*]N([3*])[C@@H](C([2*])=O)c1ccc(O[4*])cc1,[H],[OH],[H],[H],,,"1:backbone_n,2:backbone_c,3:backbone_n_mod,4:aryl_phenol_o",canonical-sites-v1,,,,,natural
D_Phe_4ureido,NC(=O)Nc1ccc(C[C@@H](N)C(=O)O)cc1,(2R)-2-amino-3-[4-(carbamoylamino)phenyl]propanoic acid,aa,F,[1*]N([3*])[C@H](Cc1ccc(N([6*])C(=O)N([4*])[5*])cc1)C([2*])=O,[H],[OH],[H],[H],[H],[H],"1:backbone_n,2:backbone_c,3:backbone_n_mod,4:urea_nh,5:urea_nh,6:urea_nh",canonical-sites-v1,,,,,natural
meA,C[NH][C@@H](C)C(=O)O,N-Methyl-Alanine,aa,,[1*]N(C)[C@@H](C)C([2*])=O,[H],[OH],,,,,"1:backbone_n,2:backbone_c",canonical-sites-v1,,,,,natural
meG,CNCC(=O)O,N-Methyl-Glycine,aa,,[1*]N(C)CC([2*])=O,[H],[OH],,,,,"1:backbone_n,2:backbone_c",canonical-sites-v1,,,,,natural
meL,C[NH][C@@H](CC(C)C)C(=O)O,N-Methyl-Leucine,aa,,[1*]N(C)[C@@H](CC(C)C)C([2*])=O,[H],[OH],,,,,"1:backbone_n,2:backbone_c",canonical-sites-v1,,,,,natural
meI,C[NH][C@H]([C@@H](C)CC)C(=O)O,N-Methyl-Isoleucine,aa,D_meI,[1*]N(C)[C@H](C([2*])=O)[C@@H](C)CC,[H],[OH],,,,,"1:backbone_n,2:backbone_c",canonical-sites-v1,,,,,natural
meV,C[NH][C@@H](C(C)C)C(=O)O,N-Methyl-Valine,aa,,[1*]N(C)[C@H](C([2*])=O)C(C)C,[H],[OH],,,,,"1:backbone_n,2:backbone_c",canonical-sites-v1,,,,,natural
meF,C[NH][C@@H](Cc1ccccc1)C(=O)O,N-Methyl-Phenylalanine,aa,,[1*]N(C)[C@@H](Cc1ccccc1)C([2*])=O,[H],[OH],,,,,"1:backbone_n,2:backbone_c",canonical-sites-v1,,,,,natural
meW,C[NH][C@@H](Cc1cn([H])c2ccccc12)C(=O)O,N-Methyl-Tryptophan,aa,,[1*]N(C)[C@@H](Cc1cn([4*])c2ccccc12)C([2*])=O,[H],[OH],,[H],,,"1:backbone_n,2:backbone_c,4:aromatic_nh",canonical-sites-v1,,,,,natural
meS,C[NH][C@@H](CO)C(=O)O,N-Methyl-Serine,aa,,[1*]N(C)[C@@H](CO[4*])C([2*])=O,[H],[OH],,[H],,,"1:backbone_n,2:backbone_c,4:hydroxyl",canonical-sites-v1,,,,,natural
meT,CN[C@@H]([C@H](O)C)C(=O)O,N-Methyl-Threonine,aa,,[1*]N(C)[C@H](C([2*])=O)[C@@H](C)O[4*],[H],[OH],,[H],,,"1:backbone_n,2:backbone_c,4:hydroxyl",canonical-sites-v1,,,,,natural
meC,C[NH][C@@H](CS)C(=O)O,N-Methyl-Cysteine,aa,,[1*]N(C)[C@@H](CS[4*])C([2*])=O,[H],[OH],,[H],,,"1:backbone_n,2:backbone_c,4:thiol",canonical-sites-v1,,,,,natural
meY,C[NH][C@@H](Cc1ccc(O)cc1)C(=O)O,N-Methyl-Tyrosine,aa,,[1*]N(C)[C@@H](Cc1ccc(O[4*])cc1)C([2*])=O,[H],[OH],,[H],,,"1:backbone_n,2:backbone_c,4:aryl_phenol_o",canonical-sites-v1,,,,,natural
meH,C[NH][C@@H](Cc1cnc[nH]1)C(=O)O,N-Methyl-Histidine,aa,,[1*]N(C)[C@@H](Cc1cncn1[4*])C([2*])=O,[H],[OH],,[H],,,"1:backbone_n,2:backbone_c,4:aromatic_nh",canonical-sites-v1,,,,,natural
meD,C[NH][C@@H](CC(=O)O)C(=O)O,N-Methyl-Aspartic acid,aa,,[1*]N(C)[C@@H](CC([4*])=O)C([2*])=O,[H],[OH],,[OH],,,"1:backbone_n,2:backbone_c,4:carboxyl",canonical-sites-v1,,,,,natural
meE,C[NH][C@@H](CCC(=O)O)C(=O)O,N-Methyl-Glutamic acid,aa,,[1*]N(C)[C@@H](CCC([4*])=O)C([2*])=O,[H],[OH],,[OH],,,"1:backbone_n,2:backbone_c,4:carboxyl",canonical-sites-v1,,,,,natural
meN,C[NH][C@@H](CC(=O)N)C(=O)O,N-Methyl-Asparagine,aa,,[1*]N(C)[C@@H](CC(=O)N([4*])[5*])C([2*])=O,[H],[OH],,[H],[H],,"1:backbone_n,2:backbone_c,4:amide_nh,5:amide_nh",canonical-sites-v1,,,,,natural
meQ,C[NH][C@@H](CCC(=O)N)C(=O)O,N-Methyl-Glutamine,aa,,[1*]N(C)[C@@H](CCC(=O)N([4*])[5*])C([2*])=O,[H],[OH],,[H],[H],,"1:backbone_n,2:backbone_c,4:amide_nh,5:amide_nh",canonical-sites-v1,,,,,natural
meK,C[NH][C@@H](CCCCN)C(=O)O,N-Methyl-Lysine,aa,,[1*]N(C)[C@@H](CCCCN([4*])[5*])C([2*])=O,[H],[OH],,[H],[H],,"1:backbone_n,2:backbone_c,4:amine_primary,5:amine_primary",canonical-sites-v1,,,,,natural
meM,C[NH][C@@H](CCSC)C(=O)O,N-Methyl-Methionine,aa,,[1*]N(C)[C@@H](CCSC)C([2*])=O,[H],[OH],,,,,"1:backbone_n,2:backbone_c",canonical-sites-v1,,,,,natural
Aib_ol,CC(C)(N)CO,2-amino-2-methylpropan-1-ol,aa,,[1*]N([3*])C(C)(C)CO[2*],[H],[H],[H],,,,"1:backbone_n,2:hydroxyl,3:backbone_n_mod",canonical-sites-v1,,,,,natural
Ala_ol,C[C@H](N)CO,(2S)-2-aminopropan-1-ol,aa,,[1*]N([3*])[C@@H](C)CO[2*],[H],[H],[H],,,,"1:backbone_n,2:hydroxyl,3:backbone_n_mod",canonical-sites-v1,,,,,natural
D_Phg_ol,NC(CO)c1ccccc1,(2R)-2-amino-2-phenylethanol,aa,,[1*]N([3*])C(CO[2*])c1ccccc1,[H],[H],[H],,,,"1:backbone_n,2:hydroxyl,3:backbone_n_mod",canonical-sites-v1,,,,,natural
D_Pro_ol,OC[C@H]1CCCN1,[(2R)-pyrrolidin-2-yl]methanol,aa,,[1*]N1CCC[C@@H]1CO[2*],[H],[H],,,,,"1:backbone_n,2:hydroxyl",canonical-sites-v1,,,,,natural
D_Thr_ol,C[C@@H](O)[C@H](N)CO,"(2R,3R)-2-aminobutane-1,3-diol",aa,,[1*]N([3*])[C@H](CO[2*])[C@@H](C)O[4*],[H],[H],[H],[H],,,"1:backbone_n,2:hydroxyl,3:backbone_n_mod,4:hydroxyl",canonical-sites-v1,,,,,natural
Gly_ol,NCO,aminomethanol,aa,,[1*]N([3*])CO[2*],[H],[H],[H],,,,"1:backbone_n,2:hydroxyl,3:backbone_n_mod",canonical-sites-v1,,,,,natural
Hsl,N[C@H]1CCOC1=O,(3S)-3-aminooxolan-2-one,aa,,[1*]N[C@H]1CCOC1=O,[H],,,,,,1:backbone_n,canonical-sites-v1,,,,,natural
Leu_ol,CC(C)C[C@H](N)CO,(2S)-2-amino-4-methylpentan-1-ol,aa,,[1*]N([3*])[C@H](CO[2*])CC(C)C,[H],[H],[H],,,,"1:backbone_n,2:hydroxyl,3:backbone_n_mod",canonical-sites-v1,,,,,natural
Lys_ol,NCCCC[C@H](N)CO,"(2S)-2,6-diaminohexan-1-ol",aa,,[1*]N([3*])[C@@H](CCCCN([4*])[5*])CO[2*],[H],[H],[H],[H],[H],,"1:backbone_n,2:hydroxyl,3:backbone_n_mod,4:amine_primary,5:amine_primary",canonical-sites-v1,,,,,natural
Phe_ol,N[C@H](CO)Cc1ccccc1,(2S)-2-amino-3-phenylpropan-1-ol,aa,,[1*]N([3*])[C@H](CO[2*])Cc1ccccc1,[H],[H],[H],,,,"1:backbone_n,2:hydroxyl,3:backbone_n_mod",canonical-sites-v1,,,,,natural
Phg_ol,N[C@H](CO)c1ccccc1,(2S)-2-amino-2-phenylethanol,aa,,[1*]N([3*])[C@H](CO[2*])c1ccccc1,[H],[H],[H],,,,"1:backbone_n,2:hydroxyl,3:backbone_n_mod",canonical-sites-v1,,,,,natural
Pro_ol,OC[C@@H]1CCCN1,[(2S)-pyrrolidin-2-yl]methanol,aa,,[1*]N1CCC[C@H]1CO[2*],[H],[H],,,,,"1:backbone_n,2:hydroxyl",canonical-sites-v1,,,,,natural
Thr_ol,C[C@H](O)[C@@H](N)CO,"(2S,3S)-2-aminobutane-1,3-diol",aa,,[1*]N([3*])[C@@H](CO[2*])[C@H](C)O[4*],[H],[H],[H],[H],,,"1:backbone_n,2:hydroxyl,3:backbone_n_mod,4:hydroxyl",canonical-sites-v1,,,,,natural
Val_ol,CC(C)[C@H](N)CO,(2S)-2-amino-3-methylbutan-1-ol,aa,,[1*]N([3*])[C@H](CO[2*])C(C)C,[H],[H],[H],,,,"1:backbone_n,2:hydroxyl,3:backbone_n_mod",canonical-sites-v1,,,,,natural
Ala_al,C[C@H](N)C=O,(2S)-2-aminopropanal,aa,,[1*]N([3*])[C@@H](C)C([2*])=O,[H],[H],[H],,,,"1:backbone_n,2:backbone_c,3:backbone_n_mod",canonical-sites-v1,,,,,natural
Gly_al,NCC=O,2-aminoacetaldehyde,aa,,[1*]N([3*])CC([2*])=O,[H],[H],[H],,,,"1:backbone_n,2:backbone_c,3:backbone_n_mod",canonical-sites-v1,,,,,natural
Leu_al,CC(C)C[C@H](N)C=O,(2S)-2-amino-4-methylpentanal,aa,,[1*]N([3*])[C@@H](CC(C)C)C([2*])=O,[H],[H],[H],,,,"1:backbone_n,2:backbone_c,3:backbone_n_mod",canonical-sites-v1,,,,,natural
Lys_al,NCCCC[C@H](N)C=O,"(2S)-2,6-diaminohexanal",aa,,[1*]N([3*])[C@@H](CCCCN([4*])[5*])C([2*])=O,[H],[H],[H],[H],[H],,"1:backbone_n,2:backbone_c,3:backbone_n_mod,4:amine_primary,5:amine_primary",canonical-sites-v1,,,,,natural
Phe_al,N[C@H](C=O)Cc1ccccc1,(2S)-2-amino-3-phenylpropanal,aa,,[1*]N([3*])[C@@H](Cc1ccccc1)C([2*])=O,[H],[H],[H],,,,"1:backbone_n,2:backbone_c,3:backbone_n_mod",canonical-sites-v1,,,,,natural
Pro_al,O=C[C@@H]1CCCN1,(2S)-pyrrolidine-2-carbaldehyde,aa,,[1*]N1CCC[C@H]1C([2*])=O,[H],[H],,,,,"1:backbone_n,2:backbone_c",canonical-sites-v1,,,,,natural
NMe2Abz,CNCc1ccccc1C(=O)O,2-(methylamino)benzoic acid,aa,,[1*]N(C)Cc1ccccc1C([2*])=O,[H],[OH],,,,,"1:backbone_n,2:backbone_c",canonical-sites-v1,,,,,natural
NMe4Abz,CNc1ccc(C(=O)O)cc1,4-(methylamino)benzoic acid,aa,,[1*]N(C)c1ccc(C([2*])=O)cc1,[H],[OH],,,,,"1:backbone_n,2:backbone_c",canonical-sites-v1,,,,,natural
NMebAla,CNCCC(=O)O,3-(methylamino)propanoic acid,aa,,[1*]N(C)CCC([2*])=O,[H],[OH],,,,,"1:backbone_n,2:backbone_c",canonical-sites-v1,,,,,natural
NMe23Abz,CN(C)c1cccc(C(=O)O)c1,3-(dimethylamino)benzoic acid,cap,,[2*]C(=O)c1cccc(N(C)C)c1,,[OH],,,,,2:backbone_c,canonical-sites-v1,,,,,cap
NMe24Abz,CN(C)c1ccc(C(=O)O)cc1,4-(dimethylamino)benzoic acid,cap,,[2*]C(=O)c1ccc(N(C)C)cc1,,[OH],,,,,2:backbone_c,canonical-sites-v1,,,,,cap
pnA,NCCN(CC(=O)O)C(=O)Cn1cnc2c(N)ncnc21,PNA Adenine,aa,,[1*]N([3*])CCN(CC([2*])=O)C(=O)Cn1cnc2c(N([4*])[5*])ncnc21,[H],[OH],[H],[H],[H],,"1:backbone_n,2:backbone_c,3:backbone_n_mod,4:amine_primary,5:amine_primary",canonical-sites-v1,,,,,natural
pnC,NCCN(CC(=O)O)C(=O)Cn1ccc(N)nc1=O,PNA Cytosine,aa,,[1*]N([3*])CCN(CC([2*])=O)C(=O)Cn1ccc(N([4*])[5*])nc1=O,[H],[OH],[H],[H],[H],,"1:backbone_n,2:backbone_c,3:backbone_n_mod,4:amine_primary,5:amine_primary",canonical-sites-v1,,,,,natural
pnG,NCCN(CC(=O)O)C(=O)Cn1cnc2c(=O)[nH]c(N)nc21,PNA Guanine,aa,,[1*]N([3*])CCN(CC([2*])=O)C(=O)Cn1cnc2c(=O)n([6*])c(N([4*])[5*])nc21,[H],[OH],[H],[H],[H],[H],"1:backbone_n,2:backbone_c,3:backbone_n_mod,4:amine_primary,5:amine_primary,6:aromatic_nh",canonical-sites-v1,,,,,natural
pnT,Cc1cn(CC(=O)N(CCN)CC(=O)O)c(=O)[nH]c1=O,PNA Thymine,aa,,[1*]N([3*])CCN(CC([2*])=O)C(=O)Cn1cc(C)c(=O)n([4*])c1=O,[H],[OH],[H],[H],,,"1:backbone_n,2:backbone_c,3:backbone_n_mod,4:aromatic_nh",canonical-sites-v1,,,,,natural
Pqa,N1CCN(c2ccc3ccn(CC(=O)O)c(=O)c3c2)CC1,"2-[1-oxo-7-(piperazin-1-yl)-1,2-dihydroisoquinolin-2-yl]acetic acid",aa,,[1*]N1CCN(c2ccc3ccn(CC([2*])=O)c(=O)c3c2)CC1,[H],[OH],,,,,"1:backbone_n,2:backbone_c",canonical-sites-v1,,,,,natural
aMeLeu,CC(N)(CC(C)C)C(=O)O,alpha-methyl-L-leucine,aa,,[1*]N([3*])C(C)(CC(C)C)C([2*])=O,[H],[OH],[H],,,,"1:backbone_n,2:backbone_c,3:backbone_n_mod",canonical-sites-v1,,,,,natural
AEEA,NCCOCCOCC(=O)O,"8-amino-3,6-dioxaoctanoic acid",aa,Ado,[1*]N([3*])CCOCCOCC([2*])=O,[H],[OH],[H],,,,"1:backbone_n,2:backbone_c,3:backbone_n_mod",canonical-sites-v1,,,,,natural
C18FA,O=C(O)CCCCCCCCCCCCCCCCC(=O)O,octadecanedioic acid,cap,C20FA,[2*]C(=O)CCCCCCCCCCCCCCCCC([4*])=O,,[OH],,[OH],,,"2:backbone_c,4:carboxyl",canonical-sites-v1,,,,,cap
C20FA,O=C(O)CCCCCCCCCCCCCCCCCCC(=O)O,eicosanedioic acid,cap,,[2*]C(=O)CCCCCCCCCCCCCCCCCCC([4*])=O,,[OH],,[OH],,,"2:backbone_c,4:carboxyl",canonical-sites-v1,,,,,cap
S5,C[C@](N)(CCCC=C)C(=O)O,(S)-alpha-methyl-alpha-(4-pentenyl)glycine,aa,,[1*]N([3*])[C@@](C)(CCCC([4*])=C)C([2*])=O,[H],[OH],[H],[H],,,"1:backbone_n,2:backbone_c,3:backbone_n_mod,4:terminal_alkene",canonical-sites-v1,,,,,natural
R8,C[C@@](N)(CCCCCCC=C)C(=O)O,(R)-alpha-methyl-alpha-(7-octenyl)glycine,aa,,[1*]N([3*])[C@](C)(CCCCCCC([4*])=C)C([2*])=O,[H],[OH],[H],[H],,,"1:backbone_n,2:backbone_c,3:backbone_n_mod,4:terminal_alkene",canonical-sites-v1,,,,,natural
AzK,N[C@@H](CCCCN=[N+]=[N-])C(=O)O,L-epsilon-azidolysine,aa,AzNva,[1*]N([3*])[C@@H](CCCC([4*])N=[N+]=[N-])C([2*])=O,[H],[OH],[H],[H],,,"1:backbone_n,2:backbone_c,3:backbone_n_mod,4:azide_alpha_c",canonical-sites-v1,,,,,natural
pSer,N[C@@H](COP(=O)(O)O)C(=O)O,O-phosphoserine,aa,Ser_PO3H2,[1*]N([3*])[C@@H](COP([4*])([5*])=O)C([2*])=O,[H],[OH],[H],[OH],[OH],,"1:backbone_n,2:backbone_c,3:backbone_n_mod,4:phosphate_p,5:phosphate_p",canonical-sites-v1,,,,,natural
pThr,C[C@H](OP(=O)(O)O)[C@H](N)C(=O)O,O-phosphothreonine,aa,,[1*]N([3*])[C@H](C([2*])=O)[C@H](C)OP([4*])([5*])=O,[H],[OH],[H],[OH],[OH],,"1:backbone_n,2:backbone_c,3:backbone_n_mod,4:phosphate_p,5:phosphate_p",canonical-sites-v1,,,,,natural
pTyr,N[C@@H](Cc1ccc(OP(=O)(O)O)cc1)C(=O)O,O-phosphotyrosine,aa,Tyr_PO3H2,[1*]N([3*])[C@@H](Cc1ccc(OP([4*])([5*])=O)cc1)C([2*])=O,[H],[OH],[H],[OH],[OH],,"1:backbone_n,2:backbone_c,3:backbone_n_mod,4:phosphate_p,5:phosphate_p",canonical-sites-v1,,,,,natural
TL3,NCC(N)C(=O)O,Trilinker-3,aa,,[1*]N([3*])C(CN([4*])[5*])C([2*])=O,[H],[OH],[H],[H],[H],,"1:backbone_n,2:backbone_c,3:backbone_n_mod,4:amine_primary,5:amine_primary",canonical-sites-v1,,,,,modified
MalAla,N[C@@H](CN1C(=O)C=CC1=O)C(=O)O,L-2-amino-3-maleimidopropanoic acid,aa,,[1*]N([3*])[C@@H](CN1C(=O)C=C([4*])C1=O)C([2*])=O,[H],[OH],[H],[H],,,"1:backbone_n,2:backbone_c,3:backbone_n_mod,4:maleimide_c",canonical-sites-v1,,,,,modified
MalLys,N[C@@H](CCCCN1C(=O)C=CC1=O)C(=O)O,L-6-maleimido-lysine,aa,,[1*]N([3*])[C@@H](CCCCN1C(=O)C=C([4*])C1=O)C([2*])=O,[H],[OH],[H],[H],,,"1:backbone_n,2:backbone_c,3:backbone_n_mod,4:maleimide_c",canonical-sites-v1,,,,,modified
Pra,N[C@@H](CC#C)C(=O)O,L-propargylglycine,aa,,[1*]N([3*])[C@H](C([2*])=O)C([4*])C#C,[H],[OH],[H],[H],,,"1:backbone_n,2:backbone_c,3:backbone_n_mod,4:alkyne_c",canonical-sites-v1,,,,,modified
Hpg,N[C@@H](CCC#C)C(=O)O,L-homopropargylglycine,aa,,[1*]N([3*])[C@@H](CC([4*])C#C)C([2*])=O,[H],[OH],[H],[H],,,"1:backbone_n,2:backbone_c,3:backbone_n_mod,4:alkyne_c",canonical-sites-v1,,,,,modified
AzAla,N[C@@H](CN=[N+]=[N-])C(=O)O,L-azidoalanine,aa,,[1*]N([3*])[C@H](C([2*])=O)C([4*])N=[N+]=[N-],[H],[OH],[H],[H],,,"1:backbone_n,2:backbone_c,3:backbone_n_mod,4:azide_alpha_c",canonical-sites-v1,,,,,modified
AzHal,N[C@@H](CCN=[N+]=[N-])C(=O)O,L-azidohomoalanine,aa,,[1*]N([3*])[C@@H](CC([4*])N=[N+]=[N-])C([2*])=O,[H],[OH],[H],[H],,,"1:backbone_n,2:backbone_c,3:backbone_n_mod,4:azide_alpha_c",canonical-sites-v1,,,,,modified
TzAla,N[C@@H](Cc1nncnn1)C(=O)O,L-tetrazinyl-alanine,aa,,[1*]N([3*])[C@H](C([2*])=O)C([4*])c1nncnn1,[H],[OH],[H],[H],,,"1:backbone_n,2:backbone_c,3:backbone_n_mod,4:tetrazine_c",canonical-sites-v1,,,,,modified
TzLys,N[C@@H](CCCCCc1nncnn1)C(=O)O,L-tetrazinyl-lysine,aa,,[1*]N([3*])[C@@H](CCCCC([4*])c1nncnn1)C([2*])=O,[H],[OH],[H],[H],,,"1:backbone_n,2:backbone_c,3:backbone_n_mod,4:tetrazine_c",canonical-sites-v1,,,,,modified
TcoAla,N[C@@H](CC1=CCCCCCC1)C(=O)O,L-trans-cyclooctenyl-alanine,aa,,[1*]N([3*])[C@H](C([2*])=O)C([4*])C1=CCCCCCC1,[H],[OH],[H],[H],,,"1:backbone_n,2:backbone_c,3:backbone_n_mod,4:tco_c",canonical-sites-v1,,,,,modified
TcoLys,N[C@@H](CCCCC1=CCCCCCC1)C(=O)O,L-trans-cyclooctenyl-lysine,aa,,[1*]N([3*])[C@@H](CCCC([4*])C1=CCCCCCC1)C([2*])=O,[H],[OH],[H],[H],,,"1:backbone_n,2:backbone_c,3:backbone_n_mod,4:tco_c",canonical-sites-v1,,,,,modified
CyoAla,N[C@@H](CC1CC#CCCCC1)C(=O)O,L-cyclooctyn-1-yl-alanine,aa,,[1*]N([3*])[C@@H](CC1CCCC([5*])C#CC1[4*])C([2*])=O,[H],[OH],[H],[H],[H],,"1:backbone_n,2:backbone_c,3:backbone_n_mod,4:cyclooctyne_c,5:cyclooctyne_c",canonical-sites-v1,,,,,modified
CyoLys,N[C@@H](CCCCC1CC#CCCCC1)C(=O)O,L-cyclooctyn-1-yl-lysine,aa,,[1*]N([3*])[C@@H](CCCCC1CCCC([5*])C#CC1[4*])C([2*])=O,[H],[OH],[H],[H],[H],,"1:backbone_n,2:backbone_c,3:backbone_n_mod,4:cyclooctyne_c,5:cyclooctyne_c",canonical-sites-v1,,,,,modified
Tz,O=C(O)Cc1nncnn1,Tetrazine-acetic acid cap,cap,,[2*]C(=O)C([4*])c1nncnn1,,[OH],,[H],,,"2:backbone_c,4:tetrazine_c",canonical-sites-v1,,,,,cap
TCO,O=C(O)CCC1=CCCCCCC1,trans-Cyclooctene-propionic acid cap,cap,,[2*]C(=O)CC([4*])C1=CCCCCCC1,,[OH],,[H],,,"2:backbone_c,4:tco_c",canonical-sites-v1,,,,,cap
Mal,O=C(O)CCN1C(=O)C=CC1=O,Maleimidopropionic acid cap,cap,,[2*]C(=O)CCN1C(=O)C=C([4*])C1=O,,[OH],,[H],,,"2:backbone_c,4:maleimide_c",canonical-sites-v1,,,,,cap
Aoa,NOC[C@H](N)C(=O)O,L-alpha-aminooxyalanine,aa,,[1*]N([3*])[C@@H](CON[4*])C([2*])=O,[H],[OH],[H],[H],,,"1:backbone_n,2:backbone_c,3:backbone_n_mod,4:aminooxy",canonical-sites-v1,,,,,modified
Ald,N[C@@H](Cc1ccc(C=O)cc1)C(=O)O,L-4-formylphenylalanine,aa,,[1*]N([3*])[C@@H](Cc1ccc(C([4*])=O)cc1)C([2*])=O,[H],[OH],[H],[H],,,"1:backbone_n,2:backbone_c,3:backbone_n_mod,4:aldehyde",canonical-sites-v1,,,,,modified
Dmb,COc1ccc(C)c(OC)c1,"2,4-Dimethoxybenzyl N-cap",cap,,[1*]Cc1ccc(OC)cc1OC,[H],,,,,,1:carbon,canonical-sites-v1,,,,,protecting
Phe_4CF3,N[C@@H](Cc1ccc(C(F)(F)F)cc1)C(=O)O,L-4-(Trifluoromethyl)phenylalanine,aa,,[1*]N([3*])[C@@H](Cc1ccc(C(F)(F)F)cc1)C([2*])=O,[H],[OH],[H],,,,"1:backbone_n,2:backbone_c,3:backbone_n_mod",canonical-sites-v1,,,,,modified
Phe_4CN,N#Cc1ccc(C[C@H](N)C(=O)O)cc1,L-4-Cyanophenylalanine,aa,,[1*]N([3*])[C@@H](Cc1ccc(C#N)cc1)C([2*])=O,[H],[OH],[H],,,,"1:backbone_n,2:backbone_c,3:backbone_n_mod",canonical-sites-v1,,,,,modified
Phe_4OMe,COc1ccc(C[C@H](N)C(=O)O)cc1,L-4-Methoxyphenylalanine,aa,,[1*]N([3*])[C@@H](Cc1ccc(OC)cc1)C([2*])=O,[H],[OH],[H],,,,"1:backbone_n,2:backbone_c,3:backbone_n_mod",canonical-sites-v1,,,,,modified
Phe_3OMe,COc1cccc(C[C@H](N)C(=O)O)c1,L-3-Methoxyphenylalanine,aa,,[1*]N([3*])[C@@H](Cc1cccc(OC)c1)C([2*])=O,[H],[OH],[H],,,,"1:backbone_n,2:backbone_c,3:backbone_n_mod",canonical-sites-v1,,,,,modified
Phe_2OMe,COc1ccccc1C[C@H](N)C(=O)O,L-2-Methoxyphenylalanine,aa,,[1*]N([3*])[C@@H](Cc1ccccc1OC)C([2*])=O,[H],[OH],[H],,,,"1:backbone_n,2:backbone_c,3:backbone_n_mod",canonical-sites-v1,,,,,modified
Phe_2Cl,N[C@@H](Cc1ccccc1Cl)C(=O)O,L-2-Chlorophenylalanine,aa,,[1*]N([3*])[C@@H](Cc1ccccc1Cl)C([2*])=O,[H],[OH],[H],,,,"1:backbone_n,2:backbone_c,3:backbone_n_mod",canonical-sites-v1,,,,,modified
Phe_2Br,N[C@@H](Cc1ccccc1Br)C(=O)O,L-2-Bromophenylalanine,aa,,[1*]N([3*])[C@@H](Cc1ccccc1Br)C([2*])=O,[H],[OH],[H],,,,"1:backbone_n,2:backbone_c,3:backbone_n_mod",canonical-sites-v1,,,,,modified
Phe_3Br,N[C@@H](Cc1cccc(Br)c1)C(=O)O,L-3-Bromophenylalanine,aa,,[1*]N([3*])[C@@H](Cc1cccc(Br)c1)C([2*])=O,[H],[OH],[H],,,,"1:backbone_n,2:backbone_c,3:backbone_n_mod",canonical-sites-v1,,,,,modified
Phe_34diF,N[C@@H](Cc1ccc(F)c(F)c1)C(=O)O,"L-3,4-Difluorophenylalanine",aa,,[1*]N([3*])[C@@H](Cc1ccc(F)c(F)c1)C([2*])=O,[H],[OH],[H],,,,"1:backbone_n,2:backbone_c,3:backbone_n_mod",canonical-sites-v1,,,,,modified
Phe_35diF,N[C@@H](Cc1cc(F)cc(F)c1)C(=O)O,"L-3,5-Difluorophenylalanine",aa,,[1*]N([3*])[C@@H](Cc1cc(F)cc(F)c1)C([2*])=O,[H],[OH],[H],,,,"1:backbone_n,2:backbone_c,3:backbone_n_mod",canonical-sites-v1,,,,,modified
Phe_26diF,N[C@@H](Cc1c(F)cccc1F)C(=O)O,"L-2,6-Difluorophenylalanine",aa,,[1*]N([3*])[C@@H](Cc1c(F)cccc1F)C([2*])=O,[H],[OH],[H],,,,"1:backbone_n,2:backbone_c,3:backbone_n_mod",canonical-sites-v1,,,,,modified
Phe_24diF,N[C@@H](Cc1ccc(F)cc1F)C(=O)O,"L-2,4-Difluorophenylalanine",aa,,[1*]N([3*])[C@@H](Cc1ccc(F)cc1F)C([2*])=O,[H],[OH],[H],,,,"1:backbone_n,2:backbone_c,3:backbone_n_mod",canonical-sites-v1,,,,,modified
Phe_4tBu,CC(C)(C)c1ccc(C[C@H](N)C(=O)O)cc1,L-4-tert-Butylphenylalanine,aa,,[1*]N([3*])[C@@H](Cc1ccc(C(C)(C)C)cc1)C([2*])=O,[H],[OH],[H],,,,"1:backbone_n,2:backbone_c,3:backbone_n_mod",canonical-sites-v1,,,,,modified
Phe_F5,N[C@@H](Cc1c(F)c(F)c(F)c(F)c1F)C(=O)O,L-Pentafluorophenylalanine,aa,,[1*]N([3*])[C@@H](Cc1c(F)c(F)c(F)c(F)c1F)C([2*])=O,[H],[OH],[H],,,,"1:backbone_n,2:backbone_c,3:backbone_n_mod",canonical-sites-v1,,,,,modified
Phe_4Ac,CC(=O)c1ccc(C[C@H](N)C(=O)O)cc1,L-4-Acetylphenylalanine,aa,,[1*]N([3*])[C@@H](Cc1ccc(C(C)=O)cc1)C([2*])=O,[H],[OH],[H],,,,"1:backbone_n,2:backbone_c,3:backbone_n_mod",canonical-sites-v1,,,,,modified
Phe_2NO2,N[C@@H](Cc1ccccc1[N+](=O)[O-])C(=O)O,L-2-Nitrophenylalanine,aa,,[1*]N([3*])[C@@H](Cc1ccccc1[N+](=O)[O-])C([2*])=O,[H],[OH],[H],,,,"1:backbone_n,2:backbone_c,3:backbone_n_mod",canonical-sites-v1,,,,,modified
Phe_3NO2,N[C@@H](Cc1cccc([N+](=O)[O-])c1)C(=O)O,L-3-Nitrophenylalanine,aa,,[1*]N([3*])[C@@H](Cc1cccc([N+](=O)[O-])c1)C([2*])=O,[H],[OH],[H],,,,"1:backbone_n,2:backbone_c,3:backbone_n_mod",canonical-sites-v1,,,,,modified
Phe_3OH,N[C@@H](Cc1cccc(O)c1)C(=O)O,L-3-Hydroxyphenylalanine,aa,,[1*]N([3*])[C@@H](Cc1cccc(O[4*])c1)C([2*])=O,[H],[OH],[H],[H],,,"1:backbone_n,2:backbone_c,3:backbone_n_mod,4:aryl_phenol_o",canonical-sites-v1,,,,,modified
hPhe2,N[C@@H](CCc1ccccc1)C(=O)O,L-Homophenylalanine (2-amino-4-phenylbutanoic acid),aa,,[1*]N([3*])[C@@H](CCc1ccccc1)C([2*])=O,[H],[OH],[H],,,,"1:backbone_n,2:backbone_c,3:backbone_n_mod",canonical-sites-v1,,,,,modified
Trp_5F,N[C@@H](Cc1c[nH]c2cc(F)ccc12)C(=O)O,L-5-Fluorotryptophan,aa,,[1*]N([3*])[C@@H](Cc1cn([4*])c2cc(F)ccc12)C([2*])=O,[H],[OH],[H],[H],,,"1:backbone_n,2:backbone_c,3:backbone_n_mod,4:aromatic_nh",canonical-sites-v1,,,,,modified
Trp_5Me,Cc1ccc2c(C[C@H](N)C(=O)O)c[nH]c2c1,L-5-Methyltryptophan,aa,,[1*]N([3*])[C@@H](Cc1cn([4*])c2cc(C)ccc12)C([2*])=O,[H],[OH],[H],[H],,,"1:backbone_n,2:backbone_c,3:backbone_n_mod,4:aromatic_nh",canonical-sites-v1,,,,,modified
Trp_5Br,N[C@@H](Cc1c[nH]c2cc(Br)ccc12)C(=O)O,L-5-Bromotryptophan,aa,,[1*]N([3*])[C@@H](Cc1cn([4*])c2cc(Br)ccc12)C([2*])=O,[H],[OH],[H],[H],,,"1:backbone_n,2:backbone_c,3:backbone_n_mod,4:aromatic_nh",canonical-sites-v1,,,,,modified
Trp_5OMe,COc1ccc2c(C[C@H](N)C(=O)O)c[nH]c2c1,L-5-Methoxytryptophan,aa,,[1*]N([3*])[C@@H](Cc1cn([4*])c2cc(OC)ccc12)C([2*])=O,[H],[OH],[H],[H],,,"1:backbone_n,2:backbone_c,3:backbone_n_mod,4:aromatic_nh",canonical-sites-v1,,,,,modified
Trp_6F,N[C@@H](Cc1c[nH]c2ccc(F)cc12)C(=O)O,L-6-Fluorotryptophan,aa,,[1*]N([3*])[C@@H](Cc1cn([4*])c2ccc(F)cc12)C([2*])=O,[H],[OH],[H],[H],,,"1:backbone_n,2:backbone_c,3:backbone_n_mod,4:aromatic_nh",canonical-sites-v1,,,,,modified
Trp_7Aza,N[C@@H](Cc1c[nH]c2ncccc12)C(=O)O,L-7-Azatryptophan,aa,,[1*]N([3*])[C@@H](Cc1cn([4*])c2ncccc12)C([2*])=O,[H],[OH],[H],[H],,,"1:backbone_n,2:backbone_c,3:backbone_n_mod,4:aromatic_nh",canonical-sites-v1,,,,,modified
Trp_1Me,Cn1cc(C[C@H](N)C(=O)O)c2ccccc21,L-1-Methyltryptophan,aa,,[1*]N([3*])[C@@H](Cc1cn(C)c2ccccc12)C([2*])=O,[H],[OH],[H],,,,"1:backbone_n,2:backbone_c,3:backbone_n_mod",canonical-sites-v1,,,,,modified
Trp_4F,N[C@@H](Cc1c[nH]c2c(F)cccc12)C(=O)O,L-4-Fluorotryptophan,aa,,[1*]N([3*])[C@@H](Cc1cn([4*])c2c(F)cccc12)C([2*])=O,[H],[OH],[H],[H],,,"1:backbone_n,2:backbone_c,3:backbone_n_mod,4:aromatic_nh",canonical-sites-v1,,,,,modified
hTrp,N[C@@H](CCc1c[nH]c2ccccc12)C(=O)O,L-Homotryptophan,aa,,[1*]N([3*])[C@@H](CCc1cn([4*])c2ccccc12)C([2*])=O,[H],[OH],[H],[H],,,"1:backbone_n,2:backbone_c,3:backbone_n_mod,4:aromatic_nh",canonical-sites-v1,,,,,modified
Tyr_3F,N[C@@H](Cc1ccc(O)c(F)c1)C(=O)O,L-3-Fluorotyrosine,aa,,[1*]N([3*])[C@@H](Cc1ccc(O[4*])c(F)c1)C([2*])=O,[H],[OH],[H],[H],,,"1:backbone_n,2:backbone_c,3:backbone_n_mod,4:aryl_phenol_o",canonical-sites-v1,,,,,modified
Tyr_3Cl,N[C@@H](Cc1ccc(O)c(Cl)c1)C(=O)O,L-3-Chlorotyrosine,aa,,[1*]N([3*])[C@@H](Cc1ccc(O[4*])c(Cl)c1)C([2*])=O,[H],[OH],[H],[H],,,"1:backbone_n,2:backbone_c,3:backbone_n_mod,4:aryl_phenol_o",canonical-sites-v1,,,,,modified
Tyr_3Br,N[C@@H](Cc1ccc(O)c(Br)c1)C(=O)O,L-3-Bromotyrosine,aa,,[1*]N([3*])[C@@H](Cc1ccc(O[4*])c(Br)c1)C([2*])=O,[H],[OH],[H],[H],,,"1:backbone_n,2:backbone_c,3:backbone_n_mod,4:aryl_phenol_o",canonical-sites-v1,,,,,modified
Tyr_35diMe,Cc1cc(O)cc(C)c1C[C@H](N)C(=O)O,"L-3,5-Dimethyltyrosine",aa,,[1*]N([3*])[C@@H](Cc1c(C)cc(O[4*])cc1C)C([2*])=O,[H],[OH],[H],[H],,,"1:backbone_n,2:backbone_c,3:backbone_n_mod,4:aryl_phenol_o",canonical-sites-v1,,,,,modified
aMeVal,CC(C)C(C)(N)C(=O)O,alpha-Methylvaline (alpha-Me-Val),aa,,[1*]N([3*])C(C)(C([2*])=O)C(C)C,[H],[OH],[H],,,,"1:backbone_n,2:backbone_c,3:backbone_n_mod",canonical-sites-v1,,,,,modified
aMeTrp,CC(N)(Cc1c[nH]c2ccccc12)C(=O)O,alpha-Methyltryptophan,aa,,[1*]N([3*])C(C)(Cc1cn([4*])c2ccccc12)C([2*])=O,[H],[OH],[H],[H],,,"1:backbone_n,2:backbone_c,3:backbone_n_mod,4:aromatic_nh",canonical-sites-v1,,,,,modified
aMeGlu,CC(N)(CCC(=O)O)C(=O)O,alpha-Methylglutamic acid,aa,,[1*]N([3*])C(C)(CCC([4*])=O)C([2*])=O,[H],[OH],[H],[OH],,,"1:backbone_n,2:backbone_c,3:backbone_n_mod,4:carboxyl",canonical-sites-v1,,,,,modified
aMeAsp,CC(N)(CC(=O)O)C(=O)O,alpha-Methylaspartic acid,aa,,[1*]N([3*])C(C)(CC([4*])=O)C([2*])=O,[H],[OH],[H],[OH],,,"1:backbone_n,2:backbone_c,3:backbone_n_mod,4:carboxyl",canonical-sites-v1,,,,,modified
aMeLys,CC(N)(CCCCN)C(=O)O,alpha-Methyllysine,aa,,[1*]N([3*])C(C)(CCCCN([4*])[5*])C([2*])=O,[H],[OH],[H],[H],[H],,"1:backbone_n,2:backbone_c,3:backbone_n_mod,4:amine_primary,5:amine_primary",canonical-sites-v1,,,,,modified
aMeGln,CC(N)(CCC(N)=O)C(=O)O,alpha-Methylglutamine,aa,,[1*]N([3*])C(C)(CCC(=O)N([4*])[5*])C([2*])=O,[H],[OH],[H],[H],[H],,"1:backbone_n,2:backbone_c,3:backbone_n_mod,4:amide_nh,5:amide_nh",canonical-sites-v1,,,,,modified
aMeAsn,CC(N)(CC(N)=O)C(=O)O,alpha-Methylasparagine,aa,,[1*]N([3*])C(C)(CC(=O)N([4*])[5*])C([2*])=O,[H],[OH],[H],[H],[H],,"1:backbone_n,2:backbone_c,3:backbone_n_mod,4:amide_nh,5:amide_nh",canonical-sites-v1,,,,,modified
aMeSer,CC(N)(CO)C(=O)O,alpha-Methylserine,aa,,[1*]N([3*])C(C)(CO[4*])C([2*])=O,[H],[OH],[H],[H],,,"1:backbone_n,2:backbone_c,3:backbone_n_mod,4:hydroxyl",canonical-sites-v1,,,,,modified
aMeCys,CC(N)(CS)C(=O)O,alpha-Methylcysteine,aa,,[1*]N([3*])C(C)(CS[4*])C([2*])=O,[H],[OH],[H],[H],,,"1:backbone_n,2:backbone_c,3:backbone_n_mod,4:thiol",canonical-sites-v1,,,,,modified
aMeHis,CC(N)(Cc1cnc[nH]1)C(=O)O,alpha-Methylhistidine,aa,,[1*]N([3*])C(C)(Cc1cncn1[4*])C([2*])=O,[H],[OH],[H],[H],,,"1:backbone_n,2:backbone_c,3:backbone_n_mod,4:aromatic_nh",canonical-sites-v1,,,,,modified
aMeIle,CC[C@H](C)C(C)(N)C(=O)O,alpha-Methylisoleucine,aa,,[1*]N([3*])C(C)(C([2*])=O)[C@@H](C)CC,[H],[OH],[H],,,,"1:backbone_n,2:backbone_c,3:backbone_n_mod",canonical-sites-v1,,,,,modified
b3hLeu,CC(C)C[C@H](N)CC(=O)O,beta3-Homoleucine,aa,,[1*]N([3*])[C@H](CC([2*])=O)CC(C)C,[H],[OH],[H],,,,"1:backbone_n,2:backbone_c,3:backbone_n_mod",canonical-sites-v1,,,,,modified
b3hVal,CC(C)[C@H](N)CC(=O)O,beta3-Homovaline,aa,,[1*]N([3*])[C@H](CC([2*])=O)C(C)C,[H],[OH],[H],,,,"1:backbone_n,2:backbone_c,3:backbone_n_mod",canonical-sites-v1,,,,,modified
b3hTyr,N[C@H](CC(=O)O)Cc1ccc(O)cc1,beta3-Homotyrosine,aa,,[1*]N([3*])[C@H](CC([2*])=O)Cc1ccc(O[4*])cc1,[H],[OH],[H],[H],,,"1:backbone_n,2:backbone_c,3:backbone_n_mod,4:aryl_phenol_o",canonical-sites-v1,,,,,modified
b3hSer,N[C@@H](CO)CC(=O)O,beta3-Homoserine,aa,,[1*]N([3*])[C@@H](CO[4*])CC([2*])=O,[H],[OH],[H],[H],,,"1:backbone_n,2:backbone_c,3:backbone_n_mod,4:hydroxyl",canonical-sites-v1,,,,,modified
b3hLys,NCCCC[C@H](N)CC(=O)O,beta3-Homolysine,aa,,[1*]N([3*])[C@@H](CCCCN([4*])[5*])CC([2*])=O,[H],[OH],[H],[H],[H],,"1:backbone_n,2:backbone_c,3:backbone_n_mod,4:amine_primary,5:amine_primary",canonical-sites-v1,,,,,modified
b3hGlu,N[C@@H](CCC(=O)O)CC(=O)O,beta3-Homoglutamic acid,aa,,[1*]N([3*])[C@@H](CCC([4*])=O)CC([2*])=O,[H],[OH],[H],[OH],,,"1:backbone_n,2:backbone_c,3:backbone_n_mod,4:carboxyl",canonical-sites-v1,,,,,modified
b3hAsp,NC(CC(=O)O)CC(=O)O,beta3-Homoaspartic acid,aa,,[1*]N([3*])C(CC([2*])=O)CC([4*])=O,[H],[OH],[H],[OH],,,"1:backbone_n,2:backbone_c,3:backbone_n_mod,4:carboxyl",canonical-sites-v1,,,,,modified
b3hAla,C[C@H](N)CC(=O)O,beta3-Homoalanine,aa,,[1*]N([3*])[C@@H](C)CC([2*])=O,[H],[OH],[H],,,,"1:backbone_n,2:backbone_c,3:backbone_n_mod",canonical-sites-v1,,,,,modified
b3hNle,CCCC[C@H](N)CC(=O)O,beta3-Homonorleucine,aa,,[1*]N([3*])[C@@H](CCCC)CC([2*])=O,[H],[OH],[H],,,,"1:backbone_n,2:backbone_c,3:backbone_n_mod",canonical-sites-v1,,,,,modified
Pro_4F_t,O=C(O)[C@@H]1C[C@H](F)CN1,"trans-4-Fluoroproline (2S,4R)",aa,,[1*]N1C[C@@H](F)C[C@H]1C([2*])=O,[H],[OH],,,,,"1:backbone_n,2:backbone_c",canonical-sites-v1,,,,,modified
Pro_4F_c,O=C(O)[C@@H]1C[C@@H](F)CN1,"cis-4-Fluoroproline (2S,4S)",aa,,[1*]N1C[C@H](F)C[C@H]1C([2*])=O,[H],[OH],,,,,"1:backbone_n,2:backbone_c",canonical-sites-v1,,,,,modified
Ind,O=C(O)[C@@H]1Cc2ccccc2N1,L-Indoline-2-carboxylic acid,aa,,[1*]N1c2ccccc2C[C@H]1C([2*])=O,[H],[OH],,,,,"1:backbone_n,2:backbone_c",canonical-sites-v1,,,,,modified
Glu_OMe,COC(=O)CC[C@H](N)C(=O)O,L-Glu gamma-methyl ester,aa,,[1*]N([3*])[C@@H](CCC(=O)OC)C([2*])=O,[H],[OH],[H],,,,"1:backbone_n,2:backbone_c,3:backbone_n_mod",canonical-sites-v1,,,,,modified
Glu_OtBu,CC(C)(C)OC(=O)CC[C@H](N)C(=O)O,L-Glu gamma-tert-butyl ester,aa,,[1*]N([3*])[C@@H](CCC(=O)OC(C)(C)C)C([2*])=O,[H],[OH],[H],,,,"1:backbone_n,2:backbone_c,3:backbone_n_mod",canonical-sites-v1,,,,,modified
Glu_OBn,N[C@@H](CCC(=O)OCc1ccccc1)C(=O)O,L-Glu gamma-benzyl ester,aa,,[1*]N([3*])[C@@H](CCC(=O)OCc1ccccc1)C([2*])=O,[H],[OH],[H],,,,"1:backbone_n,2:backbone_c,3:backbone_n_mod",canonical-sites-v1,,,,,modified
Asp_OtBu,CC(C)(C)OC(=O)C[C@H](N)C(=O)O,L-Asp beta-tert-butyl ester,aa,,[1*]N([3*])[C@@H](CC(=O)OC(C)(C)C)C([2*])=O,[H],[OH],[H],,,,"1:backbone_n,2:backbone_c,3:backbone_n_mod",canonical-sites-v1,,,,,modified
Asp_OBn,N[C@@H](CC(=O)OCc1ccccc1)C(=O)O,L-Asp beta-benzyl ester,aa,,[1*]N([3*])[C@@H](CC(=O)OCc1ccccc1)C([2*])=O,[H],[OH],[H],,,,"1:backbone_n,2:backbone_c,3:backbone_n_mod",canonical-sites-v1,,,,,modified
GABA,NCCCC(=O)O,gamma-Aminobutyric acid (4-aminobutyric acid),linker,,[1*]N([3*])CCCC([2*])=O,[H],[OH],[H],,,,"1:backbone_n,2:backbone_c,3:backbone_n_mod",canonical-sites-v1,,,,,linker
5Ava,NCCCCC(=O)O,5-Aminopentanoic acid (delta-aminovaleric acid),linker,,[1*]N([3*])CCCCC([2*])=O,[H],[OH],[H],,,,"1:backbone_n,2:backbone_c,3:backbone_n_mod",canonical-sites-v1,,,,,linker
6Ahx,NCCCCCC(=O)O,6-Aminohexanoic acid (epsilon-aminocaproic acid),linker,,[1*]N([3*])CCCCCC([2*])=O,[H],[OH],[H],,,,"1:backbone_n,2:backbone_c,3:backbone_n_mod",canonical-sites-v1,,,,,linker
7Ahp,NCCCCCCC(=O)O,7-Aminoheptanoic acid,linker,,[1*]N([3*])CCCCCCC([2*])=O,[H],[OH],[H],,,,"1:backbone_n,2:backbone_c,3:backbone_n_mod",canonical-sites-v1,,,,,linker
8Ado,NCCCCCCCC(=O)O,8-Aminooctanoic acid,linker,,[1*]N([3*])CCCCCCCC([2*])=O,[H],[OH],[H],,,,"1:backbone_n,2:backbone_c,3:backbone_n_mod",canonical-sites-v1,,,,,linker
11Aun,NCCCCCCCCCCC(=O)O,11-Aminoundecanoic acid,linker,,[1*]N([3*])CCCCCCCCCCC([2*])=O,[H],[OH],[H],,,,"1:backbone_n,2:backbone_c,3:backbone_n_mod",canonical-sites-v1,,,,,linker
OEG1,NCCOCC(=O)O,5-Amino-3-oxapentanoic acid (mini-PEG 1-unit),linker,,[1*]N([3*])CCOCC([2*])=O,[H],[OH],[H],,,,"1:backbone_n,2:backbone_c,3:backbone_n_mod",canonical-sites-v1,,,,,linker
OEG3,NCCOCCOCCOCC(=O)O,"11-Amino-3,6,9-trioxaundecanoic acid (mini-PEG 3-unit)",linker,,[1*]N([3*])CCOCCOCCOCC([2*])=O,[H],[OH],[H],,,,"1:backbone_n,2:backbone_c,3:backbone_n_mod",canonical-sites-v1,,,,,linker
OEG4,NCCOCCOCCOCCOCC(=O)O,"14-Amino-3,6,9,12-tetraoxatetradecanoic acid (mini-PEG 4-unit)",linker,,[1*]N([3*])CCOCCOCCOCCOCC([2*])=O,[H],[OH],[H],,,,"1:backbone_n,2:backbone_c,3:backbone_n_mod",canonical-sites-v1,,,,,linker
C14dAcid,O=C(O)CCCCCCCCCCCCC(=O)O,Tetradecanedioic acid cap,cap,,[2*]C(=O)CCCCCCCCCCCCC([4*])=O,,[OH],,[OH],,,"2:backbone_c,4:carboxyl",canonical-sites-v1,,,,,cap
C16dAcid,O=C(O)CCCCCCCCCCCCCCC(=O)O,Hexadecanedioic acid cap,cap,,[2*]C(=O)CCCCCCCCCCCCCCC([4*])=O,,[OH],,[OH],,,"2:backbone_c,4:carboxyl",canonical-sites-v1,,,,,cap
C22dAcid,O=C(O)CCCCCCCCCCCCCCCCCCCCC(=O)O,Docosanedioic acid cap,cap,,[2*]C(=O)CCCCCCCCCCCCCCCCCCCCC([4*])=O,,[OH],,[OH],,,"2:backbone_c,4:carboxyl",canonical-sites-v1,,,,,cap
Myr,CCCCCCCCCCCCCC(=O)O,Myristoyl cap (C14 monoacid),cap,,[2*]C(=O)CCCCCCCCCCCCC,,[OH],,,,,2:backbone_c,canonical-sites-v1,,,,,cap
Pal,CCCCCCCCCCCCCCCC(=O)O,Palmitoyl cap (C16 monoacid),cap,,[2*]C(=O)CCCCCCCCCCCCCCC,,[OH],,,,,2:backbone_c,canonical-sites-v1,,,,,cap
Ste,CCCCCCCCCCCCCCCCCC(=O)O,Stearoyl cap (C18 monoacid),cap,,[2*]C(=O)CCCCCCCCCCCCCCCCC,,[OH],,,,,2:backbone_c,canonical-sites-v1,,,,,cap
Ole,CCCCCCCC/C=C\CCCCCCCC(=O)O,Oleoyl cap (C18:1 monoacid),cap,,[2*]C(=O)CCCCCCC/C=C\CCCCCCCC,,[OH],,,,,2:backbone_c,canonical-sites-v1,,,,,cap
C14FA,O=C(O)CCCCCCCCCCCCC(=O)O,Tetradecanoic diacid cap (C14),cap,,[2*]C(=O)CCCCCCCCCCCCC([4*])=O,,[OH],,[OH],,,"2:backbone_c,4:carboxyl",canonical-sites-v1,,,,,cap
C16FA,O=C(O)CCCCCCCCCCCCCCC(=O)O,Hexadecanoic diacid cap (C16),cap,,[2*]C(=O)CCCCCCCCCCCCCCC([4*])=O,,[OH],,[OH],,,"2:backbone_c,4:carboxyl",canonical-sites-v1,,,,,cap
C22FA,O=C(O)CCCCCCCCCCCCCCCCCCCCC(=O)O,Docosanoic diacid cap (C22),cap,,[2*]C(=O)CCCCCCCCCCCCCCCCCCCCC([4*])=O,,[OH],,[OH],,,"2:backbone_c,4:carboxyl",canonical-sites-v1,,,,,cap
DnLys,CN(C)c1cccc2c(S(=O)(=O)NCCCC[C@H](N)C(=O)O)cccc12,N-epsilon-Dansyl-L-lysine,aa,,[1*]N([3*])[C@@H](CCCCN([4*])S(=O)(=O)c1cccc2c(N(C)C)cccc12)C([2*])=O,[H],[OH],[H],[H],,,"1:backbone_n,2:backbone_c,3:backbone_n_mod,4:sulfonamide_nh",canonical-sites-v1,,,,,modified
NBDLys,N[C@@H](CCCCNc1cc([N+](=O)[O-])c2nonc2c1)C(=O)O,N-epsilon-NBD-L-lysine,aa,,[1*]N([3*])[C@@H](CCCCN([4*])c1cc([N+](=O)[O-])c2nonc2c1)C([2*])=O,[H],[OH],[H],[H],,,"1:backbone_n,2:backbone_c,3:backbone_n_mod,4:amine_secondary",canonical-sites-v1,,,,,modified
AMCALys,Cc1c(CC(=O)NCCCC[C@H](N)C(=O)O)c(=O)oc2cc(N)ccc12,N-epsilon-AMCA-L-lysine,aa,,[1*]N([3*])[C@@H](CCCCN([4*])C(=O)Cc1c(C)c2ccc(N([5*])[6*])cc2oc1=O)C([2*])=O,[H],[OH],[H],[H],[H],[H],"1:backbone_n,2:backbone_c,3:backbone_n_mod,4:amide_nh,5:amine_primary,6:amine_primary",canonical-sites-v1,,,,,modified
C343Lys,N[C@@H](CCCCNC(=O)c1cc2cc3c4c(c2oc1=O)CCCN4CCC3)C(=O)O,N-epsilon-Coumarin343-L-lysine,aa,,[1*]N([3*])[C@@H](CCCCN([4*])C(=O)c1cc2cc3c4c(c2oc1=O)CCCN4CCC3)C([2*])=O,[H],[OH],[H],[H],,,"1:backbone_n,2:backbone_c,3:backbone_n_mod,4:amide_nh",canonical-sites-v1,,,,,modified
FITCLys,N[C@@H](CCCCNC(=S)Nc1ccc2c(c1)C(=O)OC21c2ccc(O)cc2Oc2ccc(O)cc21)C(=O)O,N-epsilon-FITC-L-lysine (thiourea),aa,,[1*]N([3*])[C@@H](CCCCNC(=S)Nc1ccc2c(c1)C(=O)OC21c2ccc(O[4*])cc2Oc2ccc(O[5*])cc21)C([2*])=O,[H],[OH],[H],[H],[H],,"1:backbone_n,2:backbone_c,3:backbone_n_mod,4:aryl_phenol_o,5:aryl_phenol_o",canonical-sites-v1,,,,,modified
BDPFLLys,Cc1cc(C)n2c1C=C1C=CC(CCCCC(=O)NCCCC[C@H](N)C(=O)O)=[N+]1[B-]2(F)F,N-epsilon-BODIPY-FL-C5-L-lysine,aa,,[1*]N([3*])[C@@H](CCCCN([4*])C(=O)CCCCC1=[N+]2C(=Cc3c(C)cc(C)n3[B-]2(F)F)C=C1)C([2*])=O,[H],[OH],[H],[H],,,"1:backbone_n,2:backbone_c,3:backbone_n_mod,4:amide_nh",canonical-sites-v1,,,,,modified
TAMRALys,CN(C)c1ccc2c(-c3ccc(C(=O)NCCCC[C@H](N)C(=O)O)cc3)c3ccc(=[N+](C)C)cc-3oc2c1,N-epsilon-5-TAMRA-L-lysine,aa,,[1*]N([3*])[C@@H](CCCCN([4*])C(=O)c1ccc(-c2c3ccc(=[N+](C)C)cc-3oc3cc(N(C)C)ccc23)cc1)C([2*])=O,[H],[OH],[H],[H],,,"1:backbone_n,2:backbone_c,3:backbone_n_mod,4:amide_nh",canonical-sites-v1,,,,,modified
Cy3Lys,C[N+]1=C(/C=C/C=C2/c3ccccc3N2CCCCCC(=O)NCCCC[C@H](N)C(=O)O)C(C)(C)c2ccccc21,N-epsilon-Cy3-L-lysine (non-sulfonated),aa,,[1*]N([3*])[C@@H](CCCCN([4*])C(=O)CCCCCN1/C(=C\C=C\C2=[N+](C)c3ccccc3C2(C)C)c2ccccc21)C([2*])=O,[H],[OH],[H],[H],,,"1:backbone_n,2:backbone_c,3:backbone_n_mod,4:amide_nh",canonical-sites-v1,,,,,modified
D_Phe_4CF3,N[C@H](Cc1ccc(C(F)(F)F)cc1)C(=O)O,D-4-(Trifluoromethyl)phenylalanine,aa,,[1*]N([3*])[C@H](Cc1ccc(C(F)(F)F)cc1)C([2*])=O,[H],[OH],[H],,,,"1:backbone_n,2:backbone_c,3:backbone_n_mod",canonical-sites-v1,,,,,modified
D_Phe_4CN,N#Cc1ccc(C[C@@H](N)C(=O)O)cc1,D-4-Cyanophenylalanine,aa,,[1*]N([3*])[C@H](Cc1ccc(C#N)cc1)C([2*])=O,[H],[OH],[H],,,,"1:backbone_n,2:backbone_c,3:backbone_n_mod",canonical-sites-v1,,,,,modified
D_Phe_4OMe,COc1ccc(C[C@@H](N)C(=O)O)cc1,D-4-Methoxyphenylalanine,aa,,[1*]N([3*])[C@H](Cc1ccc(OC)cc1)C([2*])=O,[H],[OH],[H],,,,"1:backbone_n,2:backbone_c,3:backbone_n_mod",canonical-sites-v1,,,,,modified
D_Phe_3OMe,COc1cccc(C[C@@H](N)C(=O)O)c1,D-3-Methoxyphenylalanine,aa,,[1*]N([3*])[C@H](Cc1cccc(OC)c1)C([2*])=O,[H],[OH],[H],,,,"1:backbone_n,2:backbone_c,3:backbone_n_mod",canonical-sites-v1,,,,,modified
D_Phe_2OMe,COc1ccccc1C[C@@H](N)C(=O)O,D-2-Methoxyphenylalanine,aa,,[1*]N([3*])[C@H](Cc1ccccc1OC)C([2*])=O,[H],[OH],[H],,,,"1:backbone_n,2:backbone_c,3:backbone_n_mod",canonical-sites-v1,,,,,modified
D_Phe_2Cl,N[C@H](Cc1ccccc1Cl)C(=O)O,D-2-Chlorophenylalanine,aa,,[1*]N([3*])[C@H](Cc1ccccc1Cl)C([2*])=O,[H],[OH],[H],,,,"1:backbone_n,2:backbone_c,3:backbone_n_mod",canonical-sites-v1,,,,,modified
D_Phe_2Br,N[C@H](Cc1ccccc1Br)C(=O)O,D-2-Bromophenylalanine,aa,,[1*]N([3*])[C@H](Cc1ccccc1Br)C([2*])=O,[H],[OH],[H],,,,"1:backbone_n,2:backbone_c,3:backbone_n_mod",canonical-sites-v1,,,,,modified
D_Phe_3Br,N[C@H](Cc1cccc(Br)c1)C(=O)O,D-3-Bromophenylalanine,aa,,[1*]N([3*])[C@H](Cc1cccc(Br)c1)C([2*])=O,[H],[OH],[H],,,,"1:backbone_n,2:backbone_c,3:backbone_n_mod",canonical-sites-v1,,,,,modified
D_Phe_34diF,N[C@H](Cc1ccc(F)c(F)c1)C(=O)O,"D-3,4-Difluorophenylalanine",aa,,[1*]N([3*])[C@H](Cc1ccc(F)c(F)c1)C([2*])=O,[H],[OH],[H],,,,"1:backbone_n,2:backbone_c,3:backbone_n_mod",canonical-sites-v1,,,,,modified
D_Phe_35diF,N[C@H](Cc1cc(F)cc(F)c1)C(=O)O,"D-3,5-Difluorophenylalanine",aa,,[1*]N([3*])[C@H](Cc1cc(F)cc(F)c1)C([2*])=O,[H],[OH],[H],,,,"1:backbone_n,2:backbone_c,3:backbone_n_mod",canonical-sites-v1,,,,,modified
D_Phe_26diF,N[C@H](Cc1c(F)cccc1F)C(=O)O,"D-2,6-Difluorophenylalanine",aa,,[1*]N([3*])[C@H](Cc1c(F)cccc1F)C([2*])=O,[H],[OH],[H],,,,"1:backbone_n,2:backbone_c,3:backbone_n_mod",canonical-sites-v1,,,,,modified
D_Phe_24diF,N[C@H](Cc1ccc(F)cc1F)C(=O)O,"D-2,4-Difluorophenylalanine",aa,,[1*]N([3*])[C@H](Cc1ccc(F)cc1F)C([2*])=O,[H],[OH],[H],,,,"1:backbone_n,2:backbone_c,3:backbone_n_mod",canonical-sites-v1,,,,,modified
D_Phe_4tBu,CC(C)(C)c1ccc(C[C@@H](N)C(=O)O)cc1,D-4-tert-Butylphenylalanine,aa,,[1*]N([3*])[C@H](Cc1ccc(C(C)(C)C)cc1)C([2*])=O,[H],[OH],[H],,,,"1:backbone_n,2:backbone_c,3:backbone_n_mod",canonical-sites-v1,,,,,modified
D_Phe_F5,N[C@H](Cc1c(F)c(F)c(F)c(F)c1F)C(=O)O,D-Pentafluorophenylalanine,aa,,[1*]N([3*])[C@H](Cc1c(F)c(F)c(F)c(F)c1F)C([2*])=O,[H],[OH],[H],,,,"1:backbone_n,2:backbone_c,3:backbone_n_mod",canonical-sites-v1,,,,,modified
D_Phe_4Ac,CC(=O)c1ccc(C[C@@H](N)C(=O)O)cc1,D-4-Acetylphenylalanine,aa,,[1*]N([3*])[C@H](Cc1ccc(C(C)=O)cc1)C([2*])=O,[H],[OH],[H],,,,"1:backbone_n,2:backbone_c,3:backbone_n_mod",canonical-sites-v1,,,,,modified
D_Phe_2NO2,N[C@H](Cc1ccccc1[N+](=O)[O-])C(=O)O,D-2-Nitrophenylalanine,aa,,[1*]N([3*])[C@H](Cc1ccccc1[N+](=O)[O-])C([2*])=O,[H],[OH],[H],,,,"1:backbone_n,2:backbone_c,3:backbone_n_mod",canonical-sites-v1,,,,,modified
D_Phe_3NO2,N[C@H](Cc1cccc([N+](=O)[O-])c1)C(=O)O,D-3-Nitrophenylalanine,aa,,[1*]N([3*])[C@H](Cc1cccc([N+](=O)[O-])c1)C([2*])=O,[H],[OH],[H],,,,"1:backbone_n,2:backbone_c,3:backbone_n_mod",canonical-sites-v1,,,,,modified
D_Phe_3OH,N[C@H](Cc1cccc(O)c1)C(=O)O,D-3-Hydroxyphenylalanine,aa,,[1*]N([3*])[C@H](Cc1cccc(O[4*])c1)C([2*])=O,[H],[OH],[H],[H],,,"1:backbone_n,2:backbone_c,3:backbone_n_mod,4:aryl_phenol_o",canonical-sites-v1,,,,,modified
D_Trp_5F,N[C@H](Cc1c[nH]c2cc(F)ccc12)C(=O)O,D-5-Fluorotryptophan,aa,,[1*]N([3*])[C@H](Cc1cn([4*])c2cc(F)ccc12)C([2*])=O,[H],[OH],[H],[H],,,"1:backbone_n,2:backbone_c,3:backbone_n_mod,4:aromatic_nh",canonical-sites-v1,,,,,modified
D_Trp_5Me,Cc1ccc2c(C[C@@H](N)C(=O)O)c[nH]c2c1,D-5-Methyltryptophan,aa,,[1*]N([3*])[C@H](Cc1cn([4*])c2cc(C)ccc12)C([2*])=O,[H],[OH],[H],[H],,,"1:backbone_n,2:backbone_c,3:backbone_n_mod,4:aromatic_nh",canonical-sites-v1,,,,,modified
D_Trp_5Br,N[C@H](Cc1c[nH]c2cc(Br)ccc12)C(=O)O,D-5-Bromotryptophan,aa,,[1*]N([3*])[C@H](Cc1cn([4*])c2cc(Br)ccc12)C([2*])=O,[H],[OH],[H],[H],,,"1:backbone_n,2:backbone_c,3:backbone_n_mod,4:aromatic_nh",canonical-sites-v1,,,,,modified
D_Trp_5OMe,COc1ccc2c(C[C@@H](N)C(=O)O)c[nH]c2c1,D-5-Methoxytryptophan,aa,,[1*]N([3*])[C@H](Cc1cn([4*])c2cc(OC)ccc12)C([2*])=O,[H],[OH],[H],[H],,,"1:backbone_n,2:backbone_c,3:backbone_n_mod,4:aromatic_nh",canonical-sites-v1,,,,,modified
D_Trp_6F,N[C@H](Cc1c[nH]c2ccc(F)cc12)C(=O)O,D-6-Fluorotryptophan,aa,,[1*]N([3*])[C@H](Cc1cn([4*])c2ccc(F)cc12)C([2*])=O,[H],[OH],[H],[H],,,"1:backbone_n,2:backbone_c,3:backbone_n_mod,4:aromatic_nh",canonical-sites-v1,,,,,modified
D_Trp_7Aza,N[C@H](Cc1c[nH]c2ncccc12)C(=O)O,D-7-Azatryptophan,aa,,[1*]N([3*])[C@H](Cc1cn([4*])c2ncccc12)C([2*])=O,[H],[OH],[H],[H],,,"1:backbone_n,2:backbone_c,3:backbone_n_mod,4:aromatic_nh",canonical-sites-v1,,,,,modified
D_Trp_1Me,Cn1cc(C[C@@H](N)C(=O)O)c2ccccc21,D-1-Methyltryptophan,aa,,[1*]N([3*])[C@H](Cc1cn(C)c2ccccc12)C([2*])=O,[H],[OH],[H],,,,"1:backbone_n,2:backbone_c,3:backbone_n_mod",canonical-sites-v1,,,,,modified
D_Trp_4F,N[C@H](Cc1c[nH]c2c(F)cccc12)C(=O)O,D-4-Fluorotryptophan,aa,,[1*]N([3*])[C@H](Cc1cn([4*])c2c(F)cccc12)C([2*])=O,[H],[OH],[H],[H],,,"1:backbone_n,2:backbone_c,3:backbone_n_mod,4:aromatic_nh",canonical-sites-v1,,,,,modified
D_Tyr_3F,N[C@H](Cc1ccc(O)c(F)c1)C(=O)O,D-3-Fluorotyrosine,aa,,[1*]N([3*])[C@H](Cc1ccc(O[4*])c(F)c1)C([2*])=O,[H],[OH],[H],[H],,,"1:backbone_n,2:backbone_c,3:backbone_n_mod,4:aryl_phenol_o",canonical-sites-v1,,,,,modified
D_Tyr_3Cl,N[C@H](Cc1ccc(O)c(Cl)c1)C(=O)O,D-3-Chlorotyrosine,aa,,[1*]N([3*])[C@H](Cc1ccc(O[4*])c(Cl)c1)C([2*])=O,[H],[OH],[H],[H],,,"1:backbone_n,2:backbone_c,3:backbone_n_mod,4:aryl_phenol_o",canonical-sites-v1,,,,,modified
D_Tyr_3Br,N[C@H](Cc1ccc(O)c(Br)c1)C(=O)O,D-3-Bromotyrosine,aa,,[1*]N([3*])[C@H](Cc1ccc(O[4*])c(Br)c1)C([2*])=O,[H],[OH],[H],[H],,,"1:backbone_n,2:backbone_c,3:backbone_n_mod,4:aryl_phenol_o",canonical-sites-v1,,,,,modified
D_Tyr_35diMe,Cc1cc(O)cc(C)c1C[C@@H](N)C(=O)O,"D-3,5-Dimethyltyrosine",aa,,[1*]N([3*])[C@H](Cc1c(C)cc(O[4*])cc1C)C([2*])=O,[H],[OH],[H],[H],,,"1:backbone_n,2:backbone_c,3:backbone_n_mod,4:aryl_phenol_o",canonical-sites-v1,,,,,modified
D_Pro_4F_t,O=C(O)[C@H]1C[C@@H](F)CN1,D-trans-4-Fluoroproline,aa,,[1*]N1C[C@H](F)C[C@@H]1C([2*])=O,[H],[OH],,,,,"1:backbone_n,2:backbone_c",canonical-sites-v1,,,,,modified
D_Pro_4F_c,O=C(O)[C@H]1C[C@H](F)CN1,D-cis-4-Fluoroproline,aa,,[1*]N1C[C@@H](F)C[C@@H]1C([2*])=O,[H],[OH],,,,,"1:backbone_n,2:backbone_c",canonical-sites-v1,,,,,modified
D_Ind,O=C(O)[C@H]1Cc2ccccc2N1,D-Indoline-2-carboxylic acid,aa,,[1*]N1c2ccccc2C[C@@H]1C([2*])=O,[H],[OH],,,,,"1:backbone_n,2:backbone_c",canonical-sites-v1,,,,,modified
D_Glu_OMe,COC(=O)CC[C@@H](N)C(=O)O,D-Glu gamma-methyl ester,aa,,[1*]N([3*])[C@H](CCC(=O)OC)C([2*])=O,[H],[OH],[H],,,,"1:backbone_n,2:backbone_c,3:backbone_n_mod",canonical-sites-v1,,,,,modified
D_Glu_OtBu,CC(C)(C)OC(=O)CC[C@@H](N)C(=O)O,D-Glu gamma-tert-butyl ester,aa,,[1*]N([3*])[C@H](CCC(=O)OC(C)(C)C)C([2*])=O,[H],[OH],[H],,,,"1:backbone_n,2:backbone_c,3:backbone_n_mod",canonical-sites-v1,,,,,modified
D_Glu_OBn,N[C@H](CCC(=O)OCc1ccccc1)C(=O)O,D-Glu gamma-benzyl ester,aa,,[1*]N([3*])[C@H](CCC(=O)OCc1ccccc1)C([2*])=O,[H],[OH],[H],,,,"1:backbone_n,2:backbone_c,3:backbone_n_mod",canonical-sites-v1,,,,,modified
D_Asp_OtBu,CC(C)(C)OC(=O)C[C@@H](N)C(=O)O,D-Asp beta-tert-butyl ester,aa,,[1*]N([3*])[C@H](CC(=O)OC(C)(C)C)C([2*])=O,[H],[OH],[H],,,,"1:backbone_n,2:backbone_c,3:backbone_n_mod",canonical-sites-v1,,,,,modified
D_Asp_OBn,N[C@H](CC(=O)OCc1ccccc1)C(=O)O,D-Asp beta-benzyl ester,aa,,[1*]N([3*])[C@H](CC(=O)OCc1ccccc1)C([2*])=O,[H],[OH],[H],,,,"1:backbone_n,2:backbone_c,3:backbone_n_mod",canonical-sites-v1,,,,,modified
Trp_4OMe,COc1cccc2c(C[C@H](N)C(=O)O)c[nH]c12,L-4-Methoxytryptophan,aa,,[1*]N([3*])[C@@H](Cc1cn([4*])c2c(OC)cccc12)C([2*])=O,[H],[OH],[H],[H],,,"1:backbone_n,2:backbone_c,3:backbone_n_mod,4:aromatic_nh",canonical-sites-v1,,,,,modified
Trp_5NO2,N[C@@H](Cc1c[nH]c2cc([N+](=O)[O-])ccc12)C(=O)O,L-5-Nitrotryptophan,aa,,[1*]N([3*])[C@@H](Cc1cn([4*])c2cc([N+](=O)[O-])ccc12)C([2*])=O,[H],[OH],[H],[H],,,"1:backbone_n,2:backbone_c,3:backbone_n_mod,4:aromatic_nh",canonical-sites-v1,,,,,modified
Trp_6Cl,N[C@@H](Cc1c[nH]c2ccc(Cl)cc12)C(=O)O,L-6-Chlorotryptophan,aa,,[1*]N([3*])[C@@H](Cc1cn([4*])c2ccc(Cl)cc12)C([2*])=O,[H],[OH],[H],[H],,,"1:backbone_n,2:backbone_c,3:backbone_n_mod,4:aromatic_nh",canonical-sites-v1,,,,,modified
Trp_6Br,N[C@@H](Cc1c[nH]c2ccc(Br)cc12)C(=O)O,L-6-Bromotryptophan,aa,,[1*]N([3*])[C@@H](Cc1cn([4*])c2ccc(Br)cc12)C([2*])=O,[H],[OH],[H],[H],,,"1:backbone_n,2:backbone_c,3:backbone_n_mod,4:aromatic_nh",canonical-sites-v1,,,,,modified
Trp_6Me,Cc1ccc2[nH]cc(C[C@H](N)C(=O)O)c2c1,L-6-Methyltryptophan,aa,,[1*]N([3*])[C@@H](Cc1cn([4*])c2ccc(C)cc12)C([2*])=O,[H],[OH],[H],[H],,,"1:backbone_n,2:backbone_c,3:backbone_n_mod,4:aromatic_nh",canonical-sites-v1,,,,,modified
Trp_6F2,N[C@@H](Cc1c[nH]c2ccc(F)cc12)C(=O)O,L-6-Fluorotryptophan (alt regio),aa,,[1*]N([3*])[C@@H](Cc1cn([4*])c2ccc(F)cc12)C([2*])=O,[H],[OH],[H],[H],,,"1:backbone_n,2:backbone_c,3:backbone_n_mod,4:aromatic_nh",canonical-sites-v1,,,,,modified
Trp_5Cl,N[C@@H](Cc1c[nH]c2cc(Cl)ccc12)C(=O)O,L-5-Chlorotryptophan,aa,,[1*]N([3*])[C@@H](Cc1cn([4*])c2cc(Cl)ccc12)C([2*])=O,[H],[OH],[H],[H],,,"1:backbone_n,2:backbone_c,3:backbone_n_mod,4:aromatic_nh",canonical-sites-v1,,,,,modified
Trp_5I,N[C@@H](Cc1c[nH]c2cc(I)ccc12)C(=O)O,L-5-Iodotryptophan,aa,,[1*]N([3*])[C@@H](Cc1cn([4*])c2cc(I)ccc12)C([2*])=O,[H],[OH],[H],[H],,,"1:backbone_n,2:backbone_c,3:backbone_n_mod,4:aromatic_nh",canonical-sites-v1,,,,,modified
Trp_4NO2,N[C@@H](Cc1c[nH]c2c([N+](=O)[O-])cccc12)C(=O)O,L-4-Nitrotryptophan,aa,,[1*]N([3*])[C@@H](Cc1cn([4*])c2c([N+](=O)[O-])cccc12)C([2*])=O,[H],[OH],[H],[H],,,"1:backbone_n,2:backbone_c,3:backbone_n_mod,4:aromatic_nh",canonical-sites-v1,,,,,modified
Trp_7F,N[C@@H](Cc1c[nH]c2cccc(F)c12)C(=O)O,L-7-Fluorotryptophan,aa,,[1*]N([3*])[C@@H](Cc1cn([4*])c2cccc(F)c12)C([2*])=O,[H],[OH],[H],[H],,,"1:backbone_n,2:backbone_c,3:backbone_n_mod,4:aromatic_nh",canonical-sites-v1,,,,,modified
Kyn,Nc1ccccc1C(=O)C[C@H](N)C(=O)O,L-Kynurenine,aa,,[1*]N([3*])[C@@H](CC(=O)c1ccccc1N([4*])[5*])C([2*])=O,[H],[OH],[H],[H],[H],,"1:backbone_n,2:backbone_c,3:backbone_n_mod,4:amine_primary,5:amine_primary",canonical-sites-v1,,,,,modified
hLys,NCCCCC[C@H](N)C(=O)O,L-Homolysine,aa,,[1*]N([3*])[C@@H](CCCCCN([4*])[5*])C([2*])=O,[H],[OH],[H],[H],[H],,"1:backbone_n,2:backbone_c,3:backbone_n_mod,4:amine_primary,5:amine_primary",canonical-sites-v1,,,,,modified
cBuAla,N[C@@H](CC1CCC1)C(=O)O,L-Cyclobutylalanine,aa,,[1*]N([3*])[C@@H](CC1CCC1)C([2*])=O,[H],[OH],[H],,,,"1:backbone_n,2:backbone_c,3:backbone_n_mod",canonical-sites-v1,,,,,modified
cPenAla,N[C@@H](CC1CCCC1)C(=O)O,L-Cyclopentylalanine,aa,,[1*]N([3*])[C@@H](CC1CCCC1)C([2*])=O,[H],[OH],[H],,,,"1:backbone_n,2:backbone_c,3:backbone_n_mod",canonical-sites-v1,,,,,modified
Fur2Ala,N[C@@H](Cc1ccco1)C(=O)O,L-2-Furyl-alanine,aa,,[1*]N([3*])[C@@H](Cc1ccco1)C([2*])=O,[H],[OH],[H],,,,"1:backbone_n,2:backbone_c,3:backbone_n_mod",canonical-sites-v1,,,,,modified
Fur3Ala,N[C@@H](Cc1ccoc1)C(=O)O,L-3-Furyl-alanine,aa,,[1*]N([3*])[C@@H](Cc1ccoc1)C([2*])=O,[H],[OH],[H],,,,"1:backbone_n,2:backbone_c,3:backbone_n_mod",canonical-sites-v1,,,,,modified
BiPheAla,N[C@@H](Cc1ccc(-c2ccccc2)cc1)C(=O)O,L-4-Biphenylalanine,aa,,[1*]N([3*])[C@@H](Cc1ccc(-c2ccccc2)cc1)C([2*])=O,[H],[OH],[H],,,,"1:backbone_n,2:backbone_c,3:backbone_n_mod",canonical-sites-v1,,,,,modified
Pro_3OH_t,O=C(O)[C@@H]1C[C@H](O)CN1,"trans-3-Hydroxyproline (2S,3R)",aa,,[1*]N1C[C@@H](O[4*])C[C@H]1C([2*])=O,[H],[OH],,[H],,,"1:backbone_n,2:backbone_c,4:hydroxyl",canonical-sites-v1,,,,,modified
Pro_3OH_c,O=C(O)[C@@H]1C[C@@H](O)CN1,"cis-3-Hydroxyproline (2S,3S)",aa,,[1*]N1C[C@H](O[4*])C[C@H]1C([2*])=O,[H],[OH],,[H],,,"1:backbone_n,2:backbone_c,4:hydroxyl",canonical-sites-v1,,,,,modified
Pro_3F,O=C(O)C1CC(F)CN1,3-Fluoroproline,aa,,[1*]N1CC(F)CC1C([2*])=O,[H],[OH],,,,,"1:backbone_n,2:backbone_c",canonical-sites-v1,,,,,modified
BiotinLys,N[C@@H](CCCCNC(=O)CCCCC1SCC2NC(=O)NC21)C(=O)O,N-epsilon-biotinyl-L-lysine,aa,,[1*]N([3*])[C@@H](CCCCN([6*])C(=O)CCCCC1SCC2C1N([5*])C(=O)N2[4*])C([2*])=O,[H],[OH],[H],[H],[H],[H],"1:backbone_n,2:backbone_c,3:backbone_n_mod,4:urea_nh,5:urea_nh,6:amide_nh",canonical-sites-v1,,,,,modified
Phe_4Az,[N-]=[N+]=Nc1ccc(C[C@H](N)C(=O)O)cc1,L-para-Azidophenylalanine,aa,,[1*]N([3*])[C@@H](Cc1ccc(N=[N+]=[N-])cc1)C([2*])=O,[H],[OH],[H],,,,"1:backbone_n,2:backbone_c,3:backbone_n_mod",canonical-sites-v1,,,,,modified
Phe_4OPrg,C#CCOc1ccc(C[C@H](N)C(=O)O)cc1,L-para-O-Propargyl-Tyr,aa,,[1*]N([3*])[C@@H](Cc1ccc(OC([4*])C#C)cc1)C([2*])=O,[H],[OH],[H],[H],,,"1:backbone_n,2:backbone_c,3:backbone_n_mod,4:alkyne_c",canonical-sites-v1,,,,,modified
Dopa,N[C@@H](Cc1ccc(O)c(O)c1)C(=O)O,"L-3,4-Dihydroxyphenylalanine (L-DOPA)",aa,,[1*]N([3*])[C@@H](Cc1ccc(O[4*])c(O[5*])c1)C([2*])=O,[H],[OH],[H],[H],[H],,"1:backbone_n,2:backbone_c,3:backbone_n_mod,4:aryl_phenol_o,5:aryl_phenol_o",canonical-sites-v1,,,,,modified
Phe_4CF,N[C@@H](Cc1ccc(CF)cc1)C(=O)O,L-4-(Fluoromethyl)phenylalanine,aa,,[1*]N([3*])[C@@H](Cc1ccc(CF)cc1)C([2*])=O,[H],[OH],[H],,,,"1:backbone_n,2:backbone_c,3:backbone_n_mod",canonical-sites-v1,,,,,modified
OEG2,NCCOCCOC(=O)O,"8-Amino-3,6-dioxaoctanoic acid (mini-PEG 2-unit)",linker,,[1*]N([3*])CCOCCOC([2*])=O,[H],[OH],[H],,,,"1:backbone_n,2:backbone_c,3:backbone_n_mod",canonical-sites-v1,,,,,linker
OEG5,NCCOCCOCCOCCOCCOCC(=O)O,"17-Amino-3,6,9,12,15-pentaoxaheptadecanoic acid (mini-PEG 5-unit)",linker,,[1*]N([3*])CCOCCOCCOCCOCCOCC([2*])=O,[H],[OH],[H],,,,"1:backbone_n,2:backbone_c,3:backbone_n_mod",canonical-sites-v1,,,,,linker
D_hPhe2,N[C@H](CCc1ccccc1)C(=O)O,D-Homophenylalanine (2-amino-4-phenylbutanoic acid),aa,,[1*]N([3*])[C@H](CCc1ccccc1)C([2*])=O,[H],[OH],[H],,,,"1:backbone_n,2:backbone_c,3:backbone_n_mod",canonical-sites-v1,,,,,modified
Phe_345triF,N[C@@H](Cc1cc(F)c(F)c(F)c1)C(=O)O,"L-3,4,5-Trifluorophenylalanine",aa,,[1*]N([3*])[C@@H](Cc1cc(F)c(F)c(F)c1)C([2*])=O,[H],[OH],[H],,,,"1:backbone_n,2:backbone_c,3:backbone_n_mod",canonical-sites-v1,,,,,modified
ACC,NCC1(C(=O)O)CC1,1-Aminocyclopropane-1-carboxylic acid,aa,,[1*]N([3*])CC1(C([2*])=O)CC1,[H],[OH],[H],,,,"1:backbone_n,2:backbone_c,3:backbone_n_mod",canonical-sites-v1,,,,,modified
ACBC,NC1(C(=O)O)CCC1,1-Aminocyclobutane-1-carboxylic acid,aa,,[1*]N([3*])C1(C([2*])=O)CCC1,[H],[OH],[H],,,,"1:backbone_n,2:backbone_c,3:backbone_n_mod",canonical-sites-v1,,,,,modified
Nspe,C[C@H](NCC(=O)O)c1ccccc1,N-(S-1-phenylethyl)glycine (peptoid),aa,,[1*]N(CC([2*])=O)[C@@H](C)c1ccccc1,[H],[OH],,,,,"1:backbone_n,2:backbone_c",canonical-sites-v1,,,,,modified
Nrpe,C[C@@H](NCC(=O)O)c1ccccc1,N-(R-1-phenylethyl)glycine (peptoid),aa,,[1*]N(CC([2*])=O)[C@H](C)c1ccccc1,[H],[OH],,,,,"1:backbone_n,2:backbone_c",canonical-sites-v1,,,,,modified
NocGly,CCCCCCCCNCC(=O)O,N-octylglycine (lipopeptoid),aa,,[1*]N(CCCCCCCC)CC([2*])=O,[H],[OH],,,,,"1:backbone_n,2:backbone_c",canonical-sites-v1,,,,,modified
Thz2Ala,N[C@@H](Cc1nccs1)C(=O)O,L-2-(Thiazolyl)alanine,aa,,[1*]N([3*])[C@@H](Cc1nccs1)C([2*])=O,[H],[OH],[H],,,,"1:backbone_n,2:backbone_c,3:backbone_n_mod",canonical-sites-v1,,,,,modified
Pyz3Ala,N[C@@H](Cc1cc[nH]n1)C(=O)O,L-3-(Pyrazolyl)alanine,aa,,[1*]N([3*])[C@@H](Cc1ccn([4*])n1)C([2*])=O,[H],[OH],[H],[H],,,"1:backbone_n,2:backbone_c,3:backbone_n_mod,4:aromatic_nh",canonical-sites-v1,,,,,modified
Im2Ala,N[C@@H](Cc1ncc[nH]1)C(=O)O,L-2-(Imidazolyl)alanine,aa,,[1*]N([3*])[C@@H](Cc1nccn1[4*])C([2*])=O,[H],[OH],[H],[H],,,"1:backbone_n,2:backbone_c,3:backbone_n_mod,4:aromatic_nh",canonical-sites-v1,,,,,modified
Dao,NCCCCCC[C@H](N)C(=O)O,"L-2,8-Diaminooctanoic acid",aa,,[1*]N([3*])[C@@H](CCCCCCN([4*])[5*])C([2*])=O,[H],[OH],[H],[H],[H],,"1:backbone_n,2:backbone_c,3:backbone_n_mod,4:amine_primary,5:amine_primary",canonical-sites-v1,,,,,modified
ACPC,N[C@@H]1CCC[C@H]1C(=O)O,"cis-(1R,2S)-ACPC scaffold residue",aa,,[1*]N([3*])[C@@H]1CCC[C@H]1C([2*])=O,[H],[OH],[H],,,,"1:backbone_n,2:backbone_c,3:backbone_n_mod",canonical-sites-v1,,,,,modified
D_b3hPhe,N[C@@H](CC(=O)O)Cc1ccccc1,D-beta3-Homophenylalanine,aa,,[1*]N([3*])[C@@H](CC([2*])=O)Cc1ccccc1,[H],[OH],[H],,,,"1:backbone_n,2:backbone_c,3:backbone_n_mod",canonical-sites-v1,,,,,modified
D_b3hLeu,CC(C)C[C@@H](N)CC(=O)O,D-beta3-Homoleucine,aa,,[1*]N([3*])[C@@H](CC([2*])=O)CC(C)C,[H],[OH],[H],,,,"1:backbone_n,2:backbone_c,3:backbone_n_mod",canonical-sites-v1,,,,,modified
D_b3hVal,CC(C)[C@@H](N)CC(=O)O,D-beta3-Homovaline,aa,,[1*]N([3*])[C@@H](CC([2*])=O)C(C)C,[H],[OH],[H],,,,"1:backbone_n,2:backbone_c,3:backbone_n_mod",canonical-sites-v1,,,,,modified
D_b3hTrp,N[C@@H](CC(=O)O)CC1CNC2CCCCC12,D-beta3-Homotryptophan,aa,,[1*]N([3*])[C@@H](CC([2*])=O)CC1CN([4*])C2CCCCC12,[H],[OH],[H],[H],,,"1:backbone_n,2:backbone_c,3:backbone_n_mod,4:amine_secondary",canonical-sites-v1,,,,,modified
D_b3hSer,N[C@H](CO)CC(=O)O,D-beta3-Homoserine,aa,,[1*]N([3*])[C@H](CO[4*])CC([2*])=O,[H],[OH],[H],[H],,,"1:backbone_n,2:backbone_c,3:backbone_n_mod,4:hydroxyl",canonical-sites-v1,,,,,modified
D_b3hAla,C[C@@H](N)CC(=O)O,D-beta3-Homoalanine,aa,,[1*]N([3*])[C@H](C)CC([2*])=O,[H],[OH],[H],,,,"1:backbone_n,2:backbone_c,3:backbone_n_mod",canonical-sites-v1,,,,,modified
OEG6,NCCOCCOCCOCCOCCOCCOCC(=O)O,"20-Amino-3,6,9,12,15,18-hexaoxaicosanoic acid (mini-PEG 6-unit)",linker,,[1*]N([3*])CCOCCOCCOCCOCCOCCOCC([2*])=O,[H],[OH],[H],,,,"1:backbone_n,2:backbone_c,3:backbone_n_mod",canonical-sites-v1,,,,,linker
D_Fur2Ala,N[C@H](Cc1ccco1)C(=O)O,D-2-Furylalanine,aa,,[1*]N([3*])[C@H](Cc1ccco1)C([2*])=O,[H],[OH],[H],,,,"1:backbone_n,2:backbone_c,3:backbone_n_mod",canonical-sites-v1,,,,,modified
D_Fur3Ala,N[C@H](Cc1ccoc1)C(=O)O,D-3-Furylalanine,aa,,[1*]N([3*])[C@H](Cc1ccoc1)C([2*])=O,[H],[OH],[H],,,,"1:backbone_n,2:backbone_c,3:backbone_n_mod",canonical-sites-v1,,,,,modified
D_BiPheAla,N[C@H](Cc1ccc(-c2ccccc2)cc1)C(=O)O,D-4-Biphenylalanine,aa,,[1*]N([3*])[C@H](Cc1ccc(-c2ccccc2)cc1)C([2*])=O,[H],[OH],[H],,,,"1:backbone_n,2:backbone_c,3:backbone_n_mod",canonical-sites-v1,,,,,modified
D_cBuAla,N[C@H](CC1CCC1)C(=O)O,D-Cyclobutylalanine,aa,,[1*]N([3*])[C@H](CC1CCC1)C([2*])=O,[H],[OH],[H],,,,"1:backbone_n,2:backbone_c,3:backbone_n_mod",canonical-sites-v1,,,,,modified
D_cPenAla,N[C@H](CC1CCCC1)C(=O)O,D-Cyclopentylalanine,aa,,[1*]N([3*])[C@H](CC1CCCC1)C([2*])=O,[H],[OH],[H],,,,"1:backbone_n,2:backbone_c,3:backbone_n_mod",canonical-sites-v1,,,,,modified
D_Kyn,Nc1ccccc1C(=O)C[C@@H](N)C(=O)O,D-Kynurenine,aa,,[1*]N([3*])[C@H](CC(=O)c1ccccc1N([4*])[5*])C([2*])=O,[H],[OH],[H],[H],[H],,"1:backbone_n,2:backbone_c,3:backbone_n_mod,4:amine_primary,5:amine_primary",canonical-sites-v1,,,,,modified
D_Dopa,N[C@H](Cc1ccc(O)c(O)c1)C(=O)O,"D-3,4-Dihydroxyphenylalanine (D-DOPA)",aa,,[1*]N([3*])[C@H](Cc1ccc(O[4*])c(O[5*])c1)C([2*])=O,[H],[OH],[H],[H],[H],,"1:backbone_n,2:backbone_c,3:backbone_n_mod,4:aryl_phenol_o,5:aryl_phenol_o",canonical-sites-v1,,,,,modified
D_AzAla,[N-]=[N+]=NC[C@@H](N)C(=O)O,D-Azidoalanine,aa,,[1*]N([3*])[C@@H](C([2*])=O)C([4*])N=[N+]=[N-],[H],[OH],[H],[H],,,"1:backbone_n,2:backbone_c,3:backbone_n_mod,4:azide_alpha_c",canonical-sites-v1,,,,,modified
D_CyoAla,N[C@H](CC1CC1)C(=O)O,D-Cyclopropylalanine,aa,,[1*]N([3*])[C@H](CC1CC1)C([2*])=O,[H],[OH],[H],,,,"1:backbone_n,2:backbone_c,3:backbone_n_mod",canonical-sites-v1,,,,,modified
D_Thz2Ala,N[C@H](Cc1nccs1)C(=O)O,D-2-(Thiazolyl)alanine,aa,,[1*]N([3*])[C@H](Cc1nccs1)C([2*])=O,[H],[OH],[H],,,,"1:backbone_n,2:backbone_c,3:backbone_n_mod",canonical-sites-v1,,,,,modified
D_Pyz3Ala,N[C@H](Cc1cc[nH]n1)C(=O)O,D-3-(Pyrazolyl)alanine,aa,,[1*]N([3*])[C@H](Cc1ccn([4*])n1)C([2*])=O,[H],[OH],[H],[H],,,"1:backbone_n,2:backbone_c,3:backbone_n_mod,4:aromatic_nh",canonical-sites-v1,,,,,modified
D_Im2Ala,N[C@H](Cc1ncc[nH]1)C(=O)O,D-2-(Imidazolyl)alanine,aa,,[1*]N([3*])[C@H](Cc1nccn1[4*])C([2*])=O,[H],[OH],[H],[H],,,"1:backbone_n,2:backbone_c,3:backbone_n_mod,4:aromatic_nh",canonical-sites-v1,,,,,modified
D_BiotinLys,N[C@H](CCCCNC(=O)CCCCC1SCC2NC(=O)NC21)C(=O)O,N-epsilon-biotinyl-D-lysine,aa,,[1*]N([3*])[C@H](CCCCN([6*])C(=O)CCCCC1SCC2C1N([5*])C(=O)N2[4*])C([2*])=O,[H],[OH],[H],[H],[H],[H],"1:backbone_n,2:backbone_c,3:backbone_n_mod,4:urea_nh,5:urea_nh,6:amide_nh",canonical-sites-v1,,,,,modified
D_hLys,NCCCCC[C@@H](N)C(=O)O,D-Homolysine,aa,,[1*]N([3*])[C@H](CCCCCN([4*])[5*])C([2*])=O,[H],[OH],[H],[H],[H],,"1:backbone_n,2:backbone_c,3:backbone_n_mod,4:amine_primary,5:amine_primary",canonical-sites-v1,,,,,modified
D_Dao,NCCCCCC[C@@H](N)C(=O)O,"D-2,8-Diaminooctanoic acid",aa,,[1*]N([3*])[C@H](CCCCCCN([4*])[5*])C([2*])=O,[H],[OH],[H],[H],[H],,"1:backbone_n,2:backbone_c,3:backbone_n_mod,4:amine_primary,5:amine_primary",canonical-sites-v1,,,,,modified
D_Phe_4Az,[N-]=[N+]=Nc1ccc(C[C@@H](N)C(=O)O)cc1,D-para-Azidophenylalanine,aa,,[1*]N([3*])[C@H](Cc1ccc(N=[N+]=[N-])cc1)C([2*])=O,[H],[OH],[H],,,,"1:backbone_n,2:backbone_c,3:backbone_n_mod",canonical-sites-v1,,,,,modified
PipAla,N[C@@H](Cc1ccc2c(c1)OCO2)C(=O)O,"L-Piperonylalanine (3,4-methylenedioxy-Phe)",aa,,[1*]N([3*])[C@@H](Cc1ccc2c(c1)OCO2)C([2*])=O,[H],[OH],[H],,,,"1:backbone_n,2:backbone_c,3:backbone_n_mod",canonical-sites-v1,,,,,modified
Phe_4NMe2,CN(C)c1ccc(C[C@H](N)C(=O)O)cc1,L-4-(Dimethylamino)phenylalanine,aa,,[1*]N([3*])[C@@H](Cc1ccc(N(C)C)cc1)C([2*])=O,[H],[OH],[H],,,,"1:backbone_n,2:backbone_c,3:backbone_n_mod",canonical-sites-v1,,,,,modified
Phe_4iPr,CC(C)c1ccc(C[C@H](N)C(=O)O)cc1,L-4-Isopropylphenylalanine,aa,,[1*]N([3*])[C@@H](Cc1ccc(C(C)C)cc1)C([2*])=O,[H],[OH],[H],,,,"1:backbone_n,2:backbone_c,3:backbone_n_mod",canonical-sites-v1,,,,,modified
Phe_34diOMe,COc1ccc(C[C@H](N)C(=O)O)cc1OC,"L-3,4-Dimethoxyphenylalanine",aa,,[1*]N([3*])[C@@H](Cc1ccc(OC)c(OC)c1)C([2*])=O,[H],[OH],[H],,,,"1:backbone_n,2:backbone_c,3:backbone_n_mod",canonical-sites-v1,,,,,modified
Phe_4SMe,CSc1ccc(C[C@H](N)C(=O)O)cc1,L-4-(Methylthio)phenylalanine,aa,,[1*]N([3*])[C@@H](Cc1ccc(SC)cc1)C([2*])=O,[H],[OH],[H],,,,"1:backbone_n,2:backbone_c,3:backbone_n_mod",canonical-sites-v1,,,,,modified
D_PipAla,N[C@H](Cc1ccc2c(c1)OCO2)C(=O)O,D-Piperonylalanine,aa,,[1*]N([3*])[C@H](Cc1ccc2c(c1)OCO2)C([2*])=O,[H],[OH],[H],,,,"1:backbone_n,2:backbone_c,3:backbone_n_mod",canonical-sites-v1,,,,,modified
D_Phe_4Br,N[C@H](Cc1ccc(Br)cc1)C(=O)O,D-4-Bromophenylalanine,aa,,[1*]N([3*])[C@H](Cc1ccc(Br)cc1)C([2*])=O,[H],[OH],[H],,,,"1:backbone_n,2:backbone_c,3:backbone_n_mod",canonical-sites-v1,,,,,modified
D_Phe_4I,N[C@H](Cc1ccc(I)cc1)C(=O)O,D-4-Iodophenylalanine,aa,,[1*]N([3*])[C@H](Cc1ccc(I)cc1)C([2*])=O,[H],[OH],[H],,,,"1:backbone_n,2:backbone_c,3:backbone_n_mod",canonical-sites-v1,,,,,modified
D_Phe_4NO2,N[C@H](Cc1ccc([N+](=O)[O-])cc1)C(=O)O,D-4-Nitrophenylalanine,aa,,[1*]N([3*])[C@H](Cc1ccc([N+](=O)[O-])cc1)C([2*])=O,[H],[OH],[H],,,,"1:backbone_n,2:backbone_c,3:backbone_n_mod",canonical-sites-v1,,,,,modified
D_Phe_4NH2,Nc1ccc(C[C@@H](N)C(=O)O)cc1,D-4-Aminophenylalanine,aa,,[1*]N([3*])[C@H](Cc1ccc(N([4*])[5*])cc1)C([2*])=O,[H],[OH],[H],[H],[H],,"1:backbone_n,2:backbone_c,3:backbone_n_mod,4:amine_primary,5:amine_primary",canonical-sites-v1,,,,,modified
D_Phe_4NMe2,CN(C)c1ccc(C[C@@H](N)C(=O)O)cc1,D-4-(Dimethylamino)phenylalanine,aa,,[1*]N([3*])[C@H](Cc1ccc(N(C)C)cc1)C([2*])=O,[H],[OH],[H],,,,"1:backbone_n,2:backbone_c,3:backbone_n_mod",canonical-sites-v1,,,,,modified
D_Phe_4SMe,CSc1ccc(C[C@@H](N)C(=O)O)cc1,D-4-(Methylthio)phenylalanine,aa,,[1*]N([3*])[C@H](Cc1ccc(SC)cc1)C([2*])=O,[H],[OH],[H],,,,"1:backbone_n,2:backbone_c,3:backbone_n_mod",canonical-sites-v1,,,,,modified
BimAla,N[C@@H](Cc1nc2ccccc2[nH]1)C(=O)O,L-Benzimidazol-2-yl-alanine,aa,,[1*]N([3*])[C@@H](Cc1nc2ccccc2n1[4*])C([2*])=O,[H],[OH],[H],[H],,,"1:backbone_n,2:backbone_c,3:backbone_n_mod,4:aromatic_nh",canonical-sites-v1,,,,,modified
QuiAla,N[C@@H](Cc1ccc2ccccc2n1)C(=O)O,L-Quinolin-2-yl-alanine,aa,,[1*]N([3*])[C@@H](Cc1ccc2ccccc2n1)C([2*])=O,[H],[OH],[H],,,,"1:backbone_n,2:backbone_c,3:backbone_n_mod",canonical-sites-v1,,,,,modified
IsoQuiAla,N[C@@H](Cc1nccc2ccccc12)C(=O)O,L-Isoquinolin-1-yl-alanine,aa,,[1*]N([3*])[C@@H](Cc1nccc2ccccc12)C([2*])=O,[H],[OH],[H],,,,"1:backbone_n,2:backbone_c,3:backbone_n_mod",canonical-sites-v1,,,,,modified
Thi3Ala,N[C@@H](Cc1ccsc1)C(=O)O,L-Thiophen-3-yl-alanine,aa,,[1*]N([3*])[C@@H](Cc1ccsc1)C([2*])=O,[H],[OH],[H],,,,"1:backbone_n,2:backbone_c,3:backbone_n_mod",canonical-sites-v1,,,,,modified
IndAzAla,N[C@@H](Cc1[nH]nc2ccccc12)C(=O)O,L-Indazol-3-yl-alanine,aa,,[1*]N([3*])[C@@H](Cc1c2ccccc2nn1[4*])C([2*])=O,[H],[OH],[H],[H],,,"1:backbone_n,2:backbone_c,3:backbone_n_mod,4:aromatic_nh",canonical-sites-v1,,,,,modified
Pyr1Ala,N[C@@H](Cn1cccc1)C(=O)O,L-Pyrrol-1-yl-alanine (N-linked),aa,,[1*]N([3*])[C@@H](Cn1cccc1)C([2*])=O,[H],[OH],[H],,,,"1:backbone_n,2:backbone_c,3:backbone_n_mod",canonical-sites-v1,,,,,modified
TriazAla,N[C@@H](Cn1ccnn1)C(=O)O,"L-1,2,3-Triazol-1-yl-alanine",aa,,[1*]N([3*])[C@@H](Cn1ccnn1)C([2*])=O,[H],[OH],[H],,,,"1:backbone_n,2:backbone_c,3:backbone_n_mod",canonical-sites-v1,,,,,modified
BenzoxAla,N[C@@H](Cc1nc2ccccc2o1)C(=O)O,L-Benzoxazol-2-yl-alanine,aa,,[1*]N([3*])[C@@H](Cc1nc2ccccc2o1)C([2*])=O,[H],[OH],[H],,,,"1:backbone_n,2:backbone_c,3:backbone_n_mod",canonical-sites-v1,,,,,modified
D_BimAla,N[C@H](Cc1nc2ccccc2[nH]1)C(=O)O,D-Benzimidazol-2-yl-alanine,aa,,[1*]N([3*])[C@H](Cc1nc2ccccc2n1[4*])C([2*])=O,[H],[OH],[H],[H],,,"1:backbone_n,2:backbone_c,3:backbone_n_mod,4:aromatic_nh",canonical-sites-v1,,,,,modified
D_QuiAla,N[C@H](Cc1ccc2ccccc2n1)C(=O)O,D-Quinolin-2-yl-alanine,aa,,[1*]N([3*])[C@H](Cc1ccc2ccccc2n1)C([2*])=O,[H],[OH],[H],,,,"1:backbone_n,2:backbone_c,3:backbone_n_mod",canonical-sites-v1,,,,,modified
D_Thi3Ala,N[C@H](Cc1ccsc1)C(=O)O,D-Thiophen-3-yl-alanine,aa,,[1*]N([3*])[C@H](Cc1ccsc1)C([2*])=O,[H],[OH],[H],,,,"1:backbone_n,2:backbone_c,3:backbone_n_mod",canonical-sites-v1,,,,,modified
D_IndAzAla,N[C@H](Cc1[nH]nc2ccccc12)C(=O)O,D-Indazol-3-yl-alanine,aa,,[1*]N([3*])[C@H](Cc1c2ccccc2nn1[4*])C([2*])=O,[H],[OH],[H],[H],,,"1:backbone_n,2:backbone_c,3:backbone_n_mod,4:aromatic_nh",canonical-sites-v1,,,,,modified
Trp_4Me,Cc1cccc2c(C[C@H](N)C(=O)O)c[nH]c12,L-4-Methyltryptophan,aa,,[1*]N([3*])[C@@H](Cc1cn([4*])c2c(C)cccc12)C([2*])=O,[H],[OH],[H],[H],,,"1:backbone_n,2:backbone_c,3:backbone_n_mod,4:aromatic_nh",canonical-sites-v1,,,,,modified
Trp_4Cl,N[C@@H](Cc1c[nH]c2c(Cl)cccc12)C(=O)O,L-4-Chlorotryptophan,aa,,[1*]N([3*])[C@@H](Cc1cn([4*])c2c(Cl)cccc12)C([2*])=O,[H],[OH],[H],[H],,,"1:backbone_n,2:backbone_c,3:backbone_n_mod,4:aromatic_nh",canonical-sites-v1,,,,,modified
Trp_4Br,N[C@@H](Cc1c[nH]c2c(Br)cccc12)C(=O)O,L-4-Bromotryptophan,aa,,[1*]N([3*])[C@@H](Cc1cn([4*])c2c(Br)cccc12)C([2*])=O,[H],[OH],[H],[H],,,"1:backbone_n,2:backbone_c,3:backbone_n_mod,4:aromatic_nh",canonical-sites-v1,,,,,modified
Trp_5NH2,Nc1ccc2c(C[C@H](N)C(=O)O)c[nH]c2c1,L-5-Aminotryptophan,aa,,[1*]N([3*])[C@@H](Cc1cn([6*])c2cc(N([4*])[5*])ccc12)C([2*])=O,[H],[OH],[H],[H],[H],[H],"1:backbone_n,2:backbone_c,3:backbone_n_mod,4:amine_primary,5:amine_primary,6:aromatic_nh",canonical-sites-v1,,,,,modified
Trp_7Me,Cc1cccc2[nH]cc(C[C@H](N)C(=O)O)c12,L-7-Methyltryptophan,aa,,[1*]N([3*])[C@@H](Cc1cn([4*])c2cccc(C)c12)C([2*])=O,[H],[OH],[H],[H],,,"1:backbone_n,2:backbone_c,3:backbone_n_mod,4:aromatic_nh",canonical-sites-v1,,,,,modified
Trp_7Cl,N[C@@H](Cc1c[nH]c2cccc(Cl)c12)C(=O)O,L-7-Chlorotryptophan,aa,,[1*]N([3*])[C@@H](Cc1cn([4*])c2cccc(Cl)c12)C([2*])=O,[H],[OH],[H],[H],,,"1:backbone_n,2:backbone_c,3:backbone_n_mod,4:aromatic_nh",canonical-sites-v1,,,,,modified
Trp_2Me,Cc1[nH]c2ccccc2c1C[C@H](N)C(=O)O,L-2-Methyltryptophan,aa,,[1*]N([3*])[C@@H](Cc1c(C)n([4*])c2ccccc12)C([2*])=O,[H],[OH],[H],[H],,,"1:backbone_n,2:backbone_c,3:backbone_n_mod,4:aromatic_nh",canonical-sites-v1,,,,,modified
D_Trp_4Me,Cc1cccc2c(C[C@@H](N)C(=O)O)c[nH]c12,D-4-Methyltryptophan,aa,,[1*]N([3*])[C@H](Cc1cn([4*])c2c(C)cccc12)C([2*])=O,[H],[OH],[H],[H],,,"1:backbone_n,2:backbone_c,3:backbone_n_mod,4:aromatic_nh",canonical-sites-v1,,,,,modified
D_Trp_4Br,N[C@H](Cc1c[nH]c2c(Br)cccc12)C(=O)O,D-4-Bromotryptophan,aa,,[1*]N([3*])[C@H](Cc1cn([4*])c2c(Br)cccc12)C([2*])=O,[H],[OH],[H],[H],,,"1:backbone_n,2:backbone_c,3:backbone_n_mod,4:aromatic_nh",canonical-sites-v1,,,,,modified
D_Trp_7Me,Cc1cccc2[nH]cc(C[C@@H](N)C(=O)O)c12,D-7-Methyltryptophan,aa,,[1*]N([3*])[C@H](Cc1cn([4*])c2cccc(C)c12)C([2*])=O,[H],[OH],[H],[H],,,"1:backbone_n,2:backbone_c,3:backbone_n_mod,4:aromatic_nh",canonical-sites-v1,,,,,modified
D_Tyr_3I,N[C@H](Cc1ccc(O)c(I)c1)C(=O)O,D-3-Iodotyrosine,aa,,[1*]N([3*])[C@H](Cc1ccc(O[4*])c(I)c1)C([2*])=O,[H],[OH],[H],[H],,,"1:backbone_n,2:backbone_c,3:backbone_n_mod,4:aryl_phenol_o",canonical-sites-v1,,,,,modified
D_Tyr_3NO2,N[C@H](Cc1ccc(O)c([N+](=O)[O-])c1)C(=O)O,D-3-Nitrotyrosine,aa,,[1*]N([3*])[C@H](Cc1ccc(O[4*])c([N+](=O)[O-])c1)C([2*])=O,[H],[OH],[H],[H],,,"1:backbone_n,2:backbone_c,3:backbone_n_mod,4:aryl_phenol_o",canonical-sites-v1,,,,,modified
Tyr_OBn,N[C@@H](Cc1ccc(OCc2ccccc2)cc1)C(=O)O,L-O-Benzyl-tyrosine,aa,,[1*]N([3*])[C@@H](Cc1ccc(OCc2ccccc2)cc1)C([2*])=O,[H],[OH],[H],,,,"1:backbone_n,2:backbone_c,3:backbone_n_mod",canonical-sites-v1,,,,,modified
Ser_OBn,N[C@@H](COCc1ccccc1)C(=O)O,L-O-Benzyl-serine,aa,,[1*]N([3*])[C@@H](COCc1ccccc1)C([2*])=O,[H],[OH],[H],,,,"1:backbone_n,2:backbone_c,3:backbone_n_mod",canonical-sites-v1,,,,,modified
Pro_4Me_t,C[C@@H]1CN[C@H](C(=O)O)C1,"trans-4-Methyl-L-proline (2S,4R)",aa,,[1*]N1C[C@@H](C)C[C@H]1C([2*])=O,[H],[OH],,,,,"1:backbone_n,2:backbone_c",canonical-sites-v1,,,,,modified
Pro_4Me_c,C[C@H]1CN[C@H](C(=O)O)C1,"cis-4-Methyl-L-proline (2S,4S)",aa,,[1*]N1C[C@H](C)C[C@H]1C([2*])=O,[H],[OH],,,,,"1:backbone_n,2:backbone_c",canonical-sites-v1,,,,,modified
Pro_4NH2_t,N[C@@H]1CN[C@H](C(=O)O)C1,"trans-4-Amino-L-proline (2S,4R)",aa,,[1*]N1C[C@@H](N([4*])[5*])C[C@H]1C([2*])=O,[H],[OH],,[H],[H],,"1:backbone_n,2:backbone_c,4:amine_primary,5:amine_primary",canonical-sites-v1,,,,,modified
Pro_4NH2_c,N[C@H]1CN[C@H](C(=O)O)C1,"cis-4-Amino-L-proline (2S,4S)",aa,,[1*]N1C[C@H](N([4*])[5*])C[C@H]1C([2*])=O,[H],[OH],,[H],[H],,"1:backbone_n,2:backbone_c,4:amine_primary,5:amine_primary",canonical-sites-v1,,,,,modified
hLeu,CC(C)CC[C@H](N)C(=O)O,L-Homoleucine (2-amino-5-methylhexanoic acid),aa,,[1*]N([3*])[C@@H](CCC(C)C)C([2*])=O,[H],[OH],[H],,,,"1:backbone_n,2:backbone_c,3:backbone_n_mod",canonical-sites-v1,,,,,modified
hMet,CSCCC[C@H](N)C(=O)O,L-Homomethionine (2-amino-5-methylthiopentanoic acid),aa,,[1*]N([3*])[C@@H](CCCSC)C([2*])=O,[H],[OH],[H],,,,"1:backbone_n,2:backbone_c,3:backbone_n_mod",canonical-sites-v1,,,,,modified
hIle,CCC(C)C[C@H](N)C(=O)O,L-Homoisoleucine (2-amino-3-methylhexanoic acid),aa,,[1*]N([3*])[C@@H](CC(C)CC)C([2*])=O,[H],[OH],[H],,,,"1:backbone_n,2:backbone_c,3:backbone_n_mod",canonical-sites-v1,,,,,modified
hNle,CCCCC[C@H](N)C(=O)O,L-HomonÂ­orleucine (2-aminoheptanoic acid),aa,,[1*]N([3*])[C@@H](CCCCC)C([2*])=O,[H],[OH],[H],,,,"1:backbone_n,2:backbone_c,3:backbone_n_mod",canonical-sites-v1,,,,,modified
hSer,N[C@@H](CCO)C(=O)O,L-Homoserine (2-amino-4-hydroxybutanoic acid),aa,,[1*]N([3*])[C@@H](CCO[4*])C([2*])=O,[H],[OH],[H],[H],,,"1:backbone_n,2:backbone_c,3:backbone_n_mod,4:hydroxyl",canonical-sites-v1,,,,,modified
hCys,N[C@@H](CCS)C(=O)O,L-Homocysteine,aa,,[1*]N([3*])[C@@H](CCS[4*])C([2*])=O,[H],[OH],[H],[H],,,"1:backbone_n,2:backbone_c,3:backbone_n_mod,4:thiol",canonical-sites-v1,,,,,modified
hCit,NC(=O)NCCCC[C@H](N)C(=O)O,L-Homocitrulline (Nomega-ureido),aa,,[1*]N([3*])[C@@H](CCCCN([6*])C(=O)N([4*])[5*])C([2*])=O,[H],[OH],[H],[H],[H],[H],"1:backbone_n,2:backbone_c,3:backbone_n_mod,4:urea_nh,5:urea_nh,6:urea_nh",canonical-sites-v1,,,,,modified
D_hLeu,CC(C)CC[C@@H](N)C(=O)O,D-Homoleucine,aa,,[1*]N([3*])[C@H](CCC(C)C)C([2*])=O,[H],[OH],[H],,,,"1:backbone_n,2:backbone_c,3:backbone_n_mod",canonical-sites-v1,,,,,modified
D_hMet,CSCCC[C@@H](N)C(=O)O,D-Homomethionine,aa,,[1*]N([3*])[C@H](CCCSC)C([2*])=O,[H],[OH],[H],,,,"1:backbone_n,2:backbone_c,3:backbone_n_mod",canonical-sites-v1,,,,,modified
D_hIle,CCC(C)C[C@@H](N)C(=O)O,D-Homoisoleucine,aa,,[1*]N([3*])[C@H](CC(C)CC)C([2*])=O,[H],[OH],[H],,,,"1:backbone_n,2:backbone_c,3:backbone_n_mod",canonical-sites-v1,,,,,modified
D_hNle,CCCCC[C@@H](N)C(=O)O,D-Homonorleucine,aa,,[1*]N([3*])[C@H](CCCCC)C([2*])=O,[H],[OH],[H],,,,"1:backbone_n,2:backbone_c,3:backbone_n_mod",canonical-sites-v1,,,,,modified
D_hSer,N[C@H](CCO)C(=O)O,D-Homoserine,aa,,[1*]N([3*])[C@H](CCO[4*])C([2*])=O,[H],[OH],[H],[H],,,"1:backbone_n,2:backbone_c,3:backbone_n_mod,4:hydroxyl",canonical-sites-v1,,,,,modified
D_hCys,N[C@H](CCS)C(=O)O,D-Homocysteine,aa,,[1*]N([3*])[C@H](CCS[4*])C([2*])=O,[H],[OH],[H],[H],,,"1:backbone_n,2:backbone_c,3:backbone_n_mod,4:thiol",canonical-sites-v1,,,,,modified
AllGly,C=CC[C@H](N)C(=O)O,L-Allylglycine (2-amino-4-pentenoic acid),aa,,[1*]N([3*])[C@@H](CC([4*])=C)C([2*])=O,[H],[OH],[H],[H],,,"1:backbone_n,2:backbone_c,3:backbone_n_mod,4:terminal_alkene",canonical-sites-v1,,,,,modified
D_AllGly,C=CC[C@@H](N)C(=O)O,D-Allylglycine,aa,,[1*]N([3*])[C@H](CC([4*])=C)C([2*])=O,[H],[OH],[H],[H],,,"1:backbone_n,2:backbone_c,3:backbone_n_mod,4:terminal_alkene",canonical-sites-v1,,,,,modified
CyanoAla,N#CC[C@H](N)C(=O)O,L-3-Cyanoalanine (beta-cyanoalanine),aa,,[1*]N([3*])[C@@H](CC#N)C([2*])=O,[H],[OH],[H],,,,"1:backbone_n,2:backbone_c,3:backbone_n_mod",canonical-sites-v1,,,,,modified
AzOrn,N[C@@H](CCCN=[N+]=[N-])C(=O)O,L-delta-Azidoornithine,aa,,[1*]N([3*])[C@@H](CCC([4*])N=[N+]=[N-])C([2*])=O,[H],[OH],[H],[H],,,"1:backbone_n,2:backbone_c,3:backbone_n_mod,4:azide_alpha_c",canonical-sites-v1,,,,,modified
D_AzOrn,[N-]=[N+]=NCCC[C@@H](N)C(=O)O,D-delta-Azidoornithine,aa,,[1*]N([3*])[C@H](CCC([4*])N=[N+]=[N-])C([2*])=O,[H],[OH],[H],[H],,,"1:backbone_n,2:backbone_c,3:backbone_n_mod,4:azide_alpha_c",canonical-sites-v1,,,,,modified
AzNva,[N-]=[N+]=NCCCC[C@H](N)C(=O)O,L-epsilon-Azido-norvaline (5-azido),aa,,[1*]N([3*])[C@@H](CCCC([4*])N=[N+]=[N-])C([2*])=O,[H],[OH],[H],[H],,,"1:backbone_n,2:backbone_c,3:backbone_n_mod,4:azide_alpha_c",canonical-sites-v1,,,,,modified
D_AzNva,[N-]=[N+]=NCCCC[C@@H](N)C(=O)O,D-epsilon-Azido-norvaline,aa,,[1*]N([3*])[C@H](CCCC([4*])N=[N+]=[N-])C([2*])=O,[H],[OH],[H],[H],,,"1:backbone_n,2:backbone_c,3:backbone_n_mod,4:azide_alpha_c",canonical-sites-v1,,,,,modified
Lys_5Me,CNCCCC[C@H](N)C(=O)O,N-epsilon-methyl-L-lysine,aa,,[1*]N([3*])[C@@H](CCCCN([4*])C)C([2*])=O,[H],[OH],[H],[H],,,"1:backbone_n,2:backbone_c,3:backbone_n_mod,4:amine_secondary",canonical-sites-v1,,,,,modified
Lys_5diMe,CN(C)CCCC[C@H](N)C(=O)O,"N-epsilon,epsilon-dimethyl-L-lysine",aa,,[1*]N([3*])[C@@H](CCCCN(C)C)C([2*])=O,[H],[OH],[H],,,,"1:backbone_n,2:backbone_c,3:backbone_n_mod",canonical-sites-v1,,,,,modified
Lys_Cbz,N[C@@H](CCCCNC(=O)Oc1ccccc1)C(=O)O,N-epsilon-Cbz-L-lysine,aa,,[1*]N([3*])[C@@H](CCCCN([4*])C(=O)Oc1ccccc1)C([2*])=O,[H],[OH],[H],[H],,,"1:backbone_n,2:backbone_c,3:backbone_n_mod,4:carbamate_nh",canonical-sites-v1,,,,,modified
Orn_Cbz,N[C@@H](CCCNC(=O)Oc1ccccc1)C(=O)O,N-delta-Cbz-L-ornithine,aa,,[1*]N([3*])[C@@H](CCCN([4*])C(=O)Oc1ccccc1)C([2*])=O,[H],[OH],[H],[H],,,"1:backbone_n,2:backbone_c,3:backbone_n_mod,4:carbamate_nh",canonical-sites-v1,,,,,modified
S3,C=CC[C@](C)(N)C(=O)O,"(S)-alpha-Me-allylglycine (i,i+3 RCM)",aa,,[1*]N([3*])[C@@](C)(CC([4*])=C)C([2*])=O,[H],[OH],[H],[H],,,"1:backbone_n,2:backbone_c,3:backbone_n_mod,4:terminal_alkene",canonical-sites-v1,,,,,modified
R3,C=CC[C@@](C)(N)C(=O)O,"(R)-alpha-Me-allylglycine (i,i+3 RCM)",aa,,[1*]N([3*])[C@](C)(CC([4*])=C)C([2*])=O,[H],[OH],[H],[H],,,"1:backbone_n,2:backbone_c,3:backbone_n_mod,4:terminal_alkene",canonical-sites-v1,,,,,modified
R5,C=CCCC[C@@](C)(N)C(=O)O,"(R)-alpha-Me-pentenylglycine (i,i+4 RCM, S5 mirror)",aa,,[1*]N([3*])[C@](C)(CCCC([4*])=C)C([2*])=O,[H],[OH],[H],[H],,,"1:backbone_n,2:backbone_c,3:backbone_n_mod,4:terminal_alkene",canonical-sites-v1,,,,,modified
S8,C=CCCCCCC[C@](C)(N)C(=O)O,"(S)-alpha-Me-octenylglycine (i,i+7 RCM, R8 mirror)",aa,,[1*]N([3*])[C@@](C)(CCCCCCC([4*])=C)C([2*])=O,[H],[OH],[H],[H],,,"1:backbone_n,2:backbone_c,3:backbone_n_mod,4:terminal_alkene",canonical-sites-v1,,,,,modified
meCha,CN[C@@H](CC1CCCCC1)C(=O)O,NMe-L-cyclohexylalanine,aa,,[1*]N(C)[C@@H](CC1CCCCC1)C([2*])=O,[H],[OH],,,,,"1:backbone_n,2:backbone_c",canonical-sites-v1,,,,,modified
meNle,CCCC[C@H](NC)C(=O)O,NMe-L-norleucine,aa,,[1*]N(C)[C@@H](CCCC)C([2*])=O,[H],[OH],,,,,"1:backbone_n,2:backbone_c",canonical-sites-v1,,,,,modified
meNva,CCC[C@H](NC)C(=O)O,NMe-L-norvaline,aa,,[1*]N(C)[C@@H](CCC)C([2*])=O,[H],[OH],,,,,"1:backbone_n,2:backbone_c",canonical-sites-v1,,,,,modified
meAbu,CC[C@H](NC)C(=O)O,NMe-L-Abu (NMe-alpha-aminobutyric),aa,,[1*]N(C)[C@@H](CC)C([2*])=O,[H],[OH],,,,,"1:backbone_n,2:backbone_c",canonical-sites-v1,,,,,modified
me1Nal,CN[C@@H](Cc1cccc2ccccc12)C(=O)O,NMe-L-1-naphthylalanine,aa,,[1*]N(C)[C@@H](Cc1cccc2ccccc12)C([2*])=O,[H],[OH],,,,,"1:backbone_n,2:backbone_c",canonical-sites-v1,,,,,modified
me2Nal,CN[C@@H](Cc1ccc2ccccc2c1)C(=O)O,NMe-L-2-naphthylalanine,aa,,[1*]N(C)[C@@H](Cc1ccc2ccccc2c1)C([2*])=O,[H],[OH],,,,,"1:backbone_n,2:backbone_c",canonical-sites-v1,,,,,modified
mePhe_4F,CN[C@@H](Cc1ccc(F)cc1)C(=O)O,NMe-L-4-fluorophenylalanine,aa,,[1*]N(C)[C@@H](Cc1ccc(F)cc1)C([2*])=O,[H],[OH],,,,,"1:backbone_n,2:backbone_c",canonical-sites-v1,,,,,modified
mePhe_4Cl,CN[C@@H](Cc1ccc(Cl)cc1)C(=O)O,NMe-L-4-chlorophenylalanine,aa,,[1*]N(C)[C@@H](Cc1ccc(Cl)cc1)C([2*])=O,[H],[OH],,,,,"1:backbone_n,2:backbone_c",canonical-sites-v1,,,,,modified
mePhe_4OMe,CN[C@@H](Cc1ccc(OC)cc1)C(=O)O,NMe-L-4-methoxyphenylalanine,aa,,[1*]N(C)[C@@H](Cc1ccc(OC)cc1)C([2*])=O,[H],[OH],,,,,"1:backbone_n,2:backbone_c",canonical-sites-v1,,,,,modified
mePhe_4Br,CN[C@@H](Cc1ccc(Br)cc1)C(=O)O,NMe-L-4-bromophenylalanine,aa,,[1*]N(C)[C@@H](Cc1ccc(Br)cc1)C([2*])=O,[H],[OH],,,,,"1:backbone_n,2:backbone_c",canonical-sites-v1,,,,,modified
mePhe_3F,CN[C@@H](Cc1cccc(F)c1)C(=O)O,NMe-L-3-fluorophenylalanine,aa,,[1*]N(C)[C@@H](Cc1cccc(F)c1)C([2*])=O,[H],[OH],,,,,"1:backbone_n,2:backbone_c",canonical-sites-v1,,,,,modified
mePhe_3OMe,CN[C@@H](Cc1cccc(OC)c1)C(=O)O,NMe-L-3-methoxyphenylalanine,aa,,[1*]N(C)[C@@H](Cc1cccc(OC)c1)C([2*])=O,[H],[OH],,,,,"1:backbone_n,2:backbone_c",canonical-sites-v1,,,,,modified
meBip,CN[C@@H](Cc1ccc(-c2ccccc2)cc1)C(=O)O,NMe-L-biphenylalanine,aa,,[1*]N(C)[C@@H](Cc1ccc(-c2ccccc2)cc1)C([2*])=O,[H],[OH],,,,,"1:backbone_n,2:backbone_c",canonical-sites-v1,,,,,modified
meDip,CN[C@@H](CC(c1ccccc1)c1ccccc1)C(=O)O,"NMe-L-3,3-diphenylalanine",aa,,[1*]N(C)[C@@H](CC(c1ccccc1)c1ccccc1)C([2*])=O,[H],[OH],,,,,"1:backbone_n,2:backbone_c",canonical-sites-v1,,,,,modified
meChg,CN[C@H](C(=O)O)C1CCCCC1,NMe-L-cyclohexylglycine,aa,,[1*]N(C)[C@H](C([2*])=O)C1CCCCC1,[H],[OH],,,,,"1:backbone_n,2:backbone_c",canonical-sites-v1,,,,,modified
me4Pal,CN[C@@H](Cc1ccncc1)C(=O)O,NMe-L-4-pyridylalanine,aa,,[1*]N(C)[C@@H](Cc1ccncc1)C([2*])=O,[H],[OH],,,,,"1:backbone_n,2:backbone_c",canonical-sites-v1,,,,,modified
me3Pal,CN[C@@H](Cc1cccnc1)C(=O)O,NMe-L-3-pyridylalanine,aa,,[1*]N(C)[C@@H](Cc1cccnc1)C([2*])=O,[H],[OH],,,,,"1:backbone_n,2:backbone_c",canonical-sites-v1,,,,,modified
mePhe_4CF3,CN[C@@H](Cc1ccc(C(F)(F)F)cc1)C(=O)O,NMe-L-4-(trifluoromethyl)phenylalanine,aa,,[1*]N(C)[C@@H](Cc1ccc(C(F)(F)F)cc1)C([2*])=O,[H],[OH],,,,,"1:backbone_n,2:backbone_c",canonical-sites-v1,,,,,modified
mePhe_4tBu,CN[C@@H](Cc1ccc(C(C)(C)C)cc1)C(=O)O,NMe-L-4-tert-butylphenylalanine,aa,,[1*]N(C)[C@@H](Cc1ccc(C(C)(C)C)cc1)C([2*])=O,[H],[OH],,,,,"1:backbone_n,2:backbone_c",canonical-sites-v1,,,,,modified
D_meA,CN[C@H](C)C(=O)O,NMe-D-alanine,aa,,[1*]N(C)[C@H](C)C([2*])=O,[H],[OH],,,,,"1:backbone_n,2:backbone_c",canonical-sites-v1,,,,,modified
D_meF,CN[C@H](Cc1ccccc1)C(=O)O,NMe-D-phenylalanine,aa,,[1*]N(C)[C@H](Cc1ccccc1)C([2*])=O,[H],[OH],,,,,"1:backbone_n,2:backbone_c",canonical-sites-v1,,,,,modified
D_meL,CN[C@H](CC(C)C)C(=O)O,NMe-D-leucine,aa,,[1*]N(C)[C@H](CC(C)C)C([2*])=O,[H],[OH],,,,,"1:backbone_n,2:backbone_c",canonical-sites-v1,,,,,modified
D_meV,CN[C@@H](C(=O)O)C(C)C,NMe-D-valine,aa,,[1*]N(C)[C@@H](C([2*])=O)C(C)C,[H],[OH],,,,,"1:backbone_n,2:backbone_c",canonical-sites-v1,,,,,modified
D_meI,CC[C@H](C)[C@@H](NC)C(=O)O,NMe-D-isoleucine,aa,,[1*]N(C)[C@@H](C([2*])=O)[C@@H](C)CC,[H],[OH],,,,,"1:backbone_n,2:backbone_c",canonical-sites-v1,,,,,modified
D_meY,CN[C@H](Cc1ccc(O)cc1)C(=O)O,NMe-D-tyrosine,aa,,[1*]N(C)[C@H](Cc1ccc(O[4*])cc1)C([2*])=O,[H],[OH],,[H],,,"1:backbone_n,2:backbone_c,4:aryl_phenol_o",canonical-sites-v1,,,,,modified
D_meS,CN[C@H](CO)C(=O)O,NMe-D-serine,aa,,[1*]N(C)[C@H](CO[4*])C([2*])=O,[H],[OH],,[H],,,"1:backbone_n,2:backbone_c,4:hydroxyl",canonical-sites-v1,,,,,modified
D_meNle,CCCC[C@@H](NC)C(=O)O,NMe-D-norleucine,aa,,[1*]N(C)[C@H](CCCC)C([2*])=O,[H],[OH],,,,,"1:backbone_n,2:backbone_c",canonical-sites-v1,,,,,modified
aMeMet,CSCC[C@](C)(N)C(=O)O,L-alpha-methylmethionine (S),aa,,[1*]N([3*])[C@@](C)(CCSC)C([2*])=O,[H],[OH],[H],,,,"1:backbone_n,2:backbone_c,3:backbone_n_mod",canonical-sites-v1,,,,,modified
aMeNle,CCCC[C@](C)(N)C(=O)O,L-alpha-methylnorleucine (S),aa,,[1*]N([3*])[C@@](C)(CCCC)C([2*])=O,[H],[OH],[H],,,,"1:backbone_n,2:backbone_c,3:backbone_n_mod",canonical-sites-v1,,,,,modified
aMeNva,CCC[C@](C)(N)C(=O)O,L-alpha-methylnorvaline (S),aa,,[1*]N([3*])[C@@](C)(CCC)C([2*])=O,[H],[OH],[H],,,,"1:backbone_n,2:backbone_c,3:backbone_n_mod",canonical-sites-v1,,,,,modified
aMeAbu,CC[C@](C)(N)C(=O)O,L-alpha-methyl-Abu (S),aa,,[1*]N([3*])[C@@](C)(CC)C([2*])=O,[H],[OH],[H],,,,"1:backbone_n,2:backbone_c,3:backbone_n_mod",canonical-sites-v1,,,,,modified
aMeThr,C[C@@H](O)[C@](C)(N)C(=O)O,L-alpha-methylthreonine (S),aa,,[1*]N([3*])[C@](C)(C([2*])=O)[C@@H](C)O[4*],[H],[OH],[H],[H],,,"1:backbone_n,2:backbone_c,3:backbone_n_mod,4:hydroxyl",canonical-sites-v1,,,,,modified
aMePhe_4F,C[C@](N)(Cc1ccc(F)cc1)C(=O)O,L-alpha-methyl-4-F-Phe (S),aa,,[1*]N([3*])[C@@](C)(Cc1ccc(F)cc1)C([2*])=O,[H],[OH],[H],,,,"1:backbone_n,2:backbone_c,3:backbone_n_mod",canonical-sites-v1,,,,,modified
aMePhe_4Cl,C[C@](N)(Cc1ccc(Cl)cc1)C(=O)O,L-alpha-methyl-4-Cl-Phe (S),aa,,[1*]N([3*])[C@@](C)(Cc1ccc(Cl)cc1)C([2*])=O,[H],[OH],[H],,,,"1:backbone_n,2:backbone_c,3:backbone_n_mod",canonical-sites-v1,,,,,modified
aMePhe_4OMe,COc1ccc(C[C@](C)(N)C(=O)O)cc1,L-alpha-methyl-4-OMe-Phe (S),aa,,[1*]N([3*])[C@@](C)(Cc1ccc(OC)cc1)C([2*])=O,[H],[OH],[H],,,,"1:backbone_n,2:backbone_c,3:backbone_n_mod",canonical-sites-v1,,,,,modified
D_aMePhe,C[C@@](N)(Cc1ccccc1)C(=O)O,D-alpha-methylphenylalanine (R),aa,,[1*]N([3*])[C@](C)(Cc1ccccc1)C([2*])=O,[H],[OH],[H],,,,"1:backbone_n,2:backbone_c,3:backbone_n_mod",canonical-sites-v1,,,,,modified
D_aMeLeu,CC(C)C[C@@](C)(N)C(=O)O,D-alpha-methylleucine (R),aa,,[1*]N([3*])[C@](C)(CC(C)C)C([2*])=O,[H],[OH],[H],,,,"1:backbone_n,2:backbone_c,3:backbone_n_mod",canonical-sites-v1,,,,,modified
D_aMeVal,CC(C)[C@@](C)(N)C(=O)O,D-alpha-methylvaline (R),aa,,[1*]N([3*])[C@@](C)(C([2*])=O)C(C)C,[H],[OH],[H],,,,"1:backbone_n,2:backbone_c,3:backbone_n_mod",canonical-sites-v1,,,,,modified
D_aMeIle,CC[C@H](C)[C@@](C)(N)C(=O)O,D-alpha-methylisoleucine (R),aa,,[1*]N([3*])[C@@](C)(C([2*])=O)[C@@H](C)CC,[H],[OH],[H],,,,"1:backbone_n,2:backbone_c,3:backbone_n_mod",canonical-sites-v1,,,,,modified
D_aMeGlu,C[C@@](N)(CCC(=O)O)C(=O)O,D-alpha-methylglutamic acid (R),aa,,[1*]N([3*])[C@](C)(CCC([4*])=O)C([2*])=O,[H],[OH],[H],[OH],,,"1:backbone_n,2:backbone_c,3:backbone_n_mod,4:carboxyl",canonical-sites-v1,,,,,modified
D_aMeAsp,C[C@@](N)(CC(=O)O)C(=O)O,D-alpha-methylaspartic acid (R),aa,,[1*]N([3*])[C@](C)(CC([4*])=O)C([2*])=O,[H],[OH],[H],[OH],,,"1:backbone_n,2:backbone_c,3:backbone_n_mod,4:carboxyl",canonical-sites-v1,,,,,modified
D_aMeTyr,C[C@@](N)(Cc1ccc(O)cc1)C(=O)O,D-alpha-methyltyrosine (R),aa,,[1*]N([3*])[C@](C)(Cc1ccc(O[4*])cc1)C([2*])=O,[H],[OH],[H],[H],,,"1:backbone_n,2:backbone_c,3:backbone_n_mod,4:aryl_phenol_o",canonical-sites-v1,,,,,modified
D_aMeGln,C[C@@](N)(CCC(N)=O)C(=O)O,D-alpha-methylglutamine (R),aa,,[1*]N([3*])[C@](C)(CCC(=O)N([4*])[5*])C([2*])=O,[H],[OH],[H],[H],[H],,"1:backbone_n,2:backbone_c,3:backbone_n_mod,4:amide_nh,5:amide_nh",canonical-sites-v1,,,,,modified
D_aMeAsn,C[C@@](N)(CC(N)=O)C(=O)O,D-alpha-methylasparagine (R),aa,,[1*]N([3*])[C@](C)(CC(=O)N([4*])[5*])C([2*])=O,[H],[OH],[H],[H],[H],,"1:backbone_n,2:backbone_c,3:backbone_n_mod,4:amide_nh,5:amide_nh",canonical-sites-v1,,,,,modified
D_aMeSer,C[C@@](N)(CO)C(=O)O,D-alpha-methylserine (R),aa,,[1*]N([3*])[C@](C)(CO[4*])C([2*])=O,[H],[OH],[H],[H],,,"1:backbone_n,2:backbone_c,3:backbone_n_mod,4:hydroxyl",canonical-sites-v1,,,,,modified
Lys_Alloc,C=CCOC(=O)NCCCC[C@H](N)C(=O)O,N-epsilon-Alloc-L-lysine,aa,,[1*]N([3*])[C@@H](CCCCN([5*])C(=O)OCC([4*])=C)C([2*])=O,[H],[OH],[H],[H],[H],,"1:backbone_n,2:backbone_c,3:backbone_n_mod,4:terminal_alkene,5:carbamate_nh",canonical-sites-v1,,,,,modified
Orn_Alloc,C=CCOC(=O)NCCC[C@H](N)C(=O)O,N-delta-Alloc-L-ornithine,aa,,[1*]N([3*])[C@@H](CCCN([5*])C(=O)OCC([4*])=C)C([2*])=O,[H],[OH],[H],[H],[H],,"1:backbone_n,2:backbone_c,3:backbone_n_mod,4:terminal_alkene,5:carbamate_nh",canonical-sites-v1,,,,,modified
Dab_Alloc,C=CCOC(=O)NCC[C@H](N)C(=O)O,N-gamma-Alloc-L-Dab,aa,,[1*]N([3*])[C@@H](CCN([5*])C(=O)OCC([4*])=C)C([2*])=O,[H],[OH],[H],[H],[H],,"1:backbone_n,2:backbone_c,3:backbone_n_mod,4:terminal_alkene,5:carbamate_nh",canonical-sites-v1,,,,,modified
Dap_Alloc,C=CCOC(=O)NC[C@H](N)C(=O)O,N-beta-Alloc-L-Dap,aa,,[1*]N([3*])[C@@H](CN([5*])C(=O)OCC([4*])=C)C([2*])=O,[H],[OH],[H],[H],[H],,"1:backbone_n,2:backbone_c,3:backbone_n_mod,4:terminal_alkene,5:carbamate_nh",canonical-sites-v1,,,,,modified
Glu_OAll,C=CCOC(=O)CC[C@H](N)C(=O)O,L-Glu gamma-allyl ester,aa,,[1*]N([3*])[C@@H](CCC(=O)OCC([4*])=C)C([2*])=O,[H],[OH],[H],[H],,,"1:backbone_n,2:backbone_c,3:backbone_n_mod,4:terminal_alkene",canonical-sites-v1,,,,,modified
Asp_OAll,C=CCOC(=O)C[C@H](N)C(=O)O,L-Asp beta-allyl ester,aa,,[1*]N([3*])[C@@H](CC(=O)OCC([4*])=C)C([2*])=O,[H],[OH],[H],[H],,,"1:backbone_n,2:backbone_c,3:backbone_n_mod,4:terminal_alkene",canonical-sites-v1,,,,,modified
Ser_All,C=CCOC[C@H](N)C(=O)O,L-O-allylserine,aa,,[1*]N([3*])[C@@H](COCC([4*])=C)C([2*])=O,[H],[OH],[H],[H],,,"1:backbone_n,2:backbone_c,3:backbone_n_mod,4:terminal_alkene",canonical-sites-v1,,,,,modified
Thr_All,C=CCO[C@H](C)[C@H](N)C(=O)O,L-O-allylthreonine,aa,,[1*]N([3*])[C@H](C([2*])=O)[C@@H](C)OCC([4*])=C,[H],[OH],[H],[H],,,"1:backbone_n,2:backbone_c,3:backbone_n_mod,4:terminal_alkene",canonical-sites-v1,,,,,modified
Tyr_All,C=CCOc1ccc(C[C@H](N)C(=O)O)cc1,L-O-allyltyrosine,aa,,[1*]N([3*])[C@@H](Cc1ccc(OCC([4*])=C)cc1)C([2*])=O,[H],[OH],[H],[H],,,"1:backbone_n,2:backbone_c,3:backbone_n_mod,4:terminal_alkene",canonical-sites-v1,,,,,modified
Cys_All,C=CCSC[C@H](N)C(=O)O,L-S-allylcysteine,aa,,[1*]N([3*])[C@@H](CSCC([4*])=C)C([2*])=O,[H],[OH],[H],[H],,,"1:backbone_n,2:backbone_c,3:backbone_n_mod,4:terminal_alkene",canonical-sites-v1,,,,,modified
Lys_Mtt,Cc1ccc(C(NCCCC[C@H](N)C(=O)O)(c2ccccc2)c2ccccc2)cc1,N-epsilon-Mtt-L-lysine,aa,,[1*]N([3*])[C@@H](CCCCNC(c1ccccc1)(c1ccccc1)c1ccc(C)cc1)C([2*])=O,[H],[OH],[H],,,,"1:backbone_n,2:backbone_c,3:backbone_n_mod",canonical-sites-v1,,,,,modified
Dha,C=C(N)C(=O)O,"Dehydroalanine (alpha,beta-didehydroalanine)",aa,,[1*]N([3*])C(=C)C([2*])=O,[H],[OH],[H],,,,"1:backbone_n,2:backbone_c,3:backbone_n_mod",canonical-sites-v1,,,,,modified
DeltaAbu,CC=C(N)C(=O)O,"alpha,beta-Didehydroaminobutyric acid",aa,,[1*]N([3*])/C(=C\C)C([2*])=O,[H],[OH],[H],,,,"1:backbone_n,2:backbone_c,3:backbone_n_mod",canonical-sites-v1,,,,,modified
DeltaPhe,NC(=Cc1ccccc1)C(=O)O,"alpha,beta-Didehydrophenylalanine",aa,,[1*]N([3*])C(=Cc1ccccc1)C([2*])=O,[H],[OH],[H],,,,"1:backbone_n,2:backbone_c,3:backbone_n_mod",canonical-sites-v1,,,,,modified
b3hPhe_4F,N[C@H](CC(=O)O)Cc1ccc(F)cc1,beta3-Homo-4-fluorophenylalanine (L),aa,,[1*]N([3*])[C@H](CC([2*])=O)Cc1ccc(F)cc1,[H],[OH],[H],,,,"1:backbone_n,2:backbone_c,3:backbone_n_mod",canonical-sites-v1,,,,,modified
b3hPhe_4Cl,N[C@H](CC(=O)O)Cc1ccc(Cl)cc1,beta3-Homo-4-chlorophenylalanine (L),aa,,[1*]N([3*])[C@H](CC([2*])=O)Cc1ccc(Cl)cc1,[H],[OH],[H],,,,"1:backbone_n,2:backbone_c,3:backbone_n_mod",canonical-sites-v1,,,,,modified
b3hPhe_4OMe,COc1ccc(C[C@H](N)CC(=O)O)cc1,beta3-Homo-4-methoxyphenylalanine (L),aa,,[1*]N([3*])[C@H](CC([2*])=O)Cc1ccc(OC)cc1,[H],[OH],[H],,,,"1:backbone_n,2:backbone_c,3:backbone_n_mod",canonical-sites-v1,,,,,modified
b3hPhe_4Br,N[C@H](CC(=O)O)Cc1ccc(Br)cc1,beta3-Homo-4-bromophenylalanine (L),aa,,[1*]N([3*])[C@H](CC([2*])=O)Cc1ccc(Br)cc1,[H],[OH],[H],,,,"1:backbone_n,2:backbone_c,3:backbone_n_mod",canonical-sites-v1,,,,,modified
D_b3hPhe_4F,N[C@@H](CC(=O)O)Cc1ccc(F)cc1,D-beta3-Homo-4-fluorophenylalanine,aa,,[1*]N([3*])[C@@H](CC([2*])=O)Cc1ccc(F)cc1,[H],[OH],[H],,,,"1:backbone_n,2:backbone_c,3:backbone_n_mod",canonical-sites-v1,,,,,modified
D_b3hPhe_4Cl,N[C@@H](CC(=O)O)Cc1ccc(Cl)cc1,D-beta3-Homo-4-chlorophenylalanine,aa,,[1*]N([3*])[C@@H](CC([2*])=O)Cc1ccc(Cl)cc1,[H],[OH],[H],,,,"1:backbone_n,2:backbone_c,3:backbone_n_mod",canonical-sites-v1,,,,,modified
D_b3hPhe_4OMe,COc1ccc(C[C@@H](N)CC(=O)O)cc1,D-beta3-Homo-4-methoxyphenylalanine,aa,,[1*]N([3*])[C@@H](CC([2*])=O)Cc1ccc(OC)cc1,[H],[OH],[H],,,,"1:backbone_n,2:backbone_c,3:backbone_n_mod",canonical-sites-v1,,,,,modified
Succ,O=C(O)CCC(=O)O,Succinyl cap (C4 diacid),cap,,[2*]C(=O)CCC([4*])=O,,[OH],,[OH],,,"2:backbone_c,4:carboxyl",canonical-sites-v1,,,,,cap
Glt,O=C(O)CCCC(=O)O,Glutaryl cap (C5 diacid),cap,,[2*]C(=O)CCCC([4*])=O,,[OH],,[OH],,,"2:backbone_c,4:carboxyl",canonical-sites-v1,,,,,cap
Adp,O=C(O)CCCCC(=O)O,Adipoyl cap (C6 diacid),cap,,[2*]C(=O)CCCCC([4*])=O,,[OH],,[OH],,,"2:backbone_c,4:carboxyl",canonical-sites-v1,,,,,cap
Pim,O=C(O)CCCCCC(=O)O,Pimeloyl cap (C7 diacid),cap,,[2*]C(=O)CCCCCC([4*])=O,,[OH],,[OH],,,"2:backbone_c,4:carboxyl",canonical-sites-v1,,,,,cap
Sub,O=C(O)CCCCCCC(=O)O,Suberoyl cap (C8 diacid),cap,,[2*]C(=O)CCCCCCC([4*])=O,,[OH],,[OH],,,"2:backbone_c,4:carboxyl",canonical-sites-v1,,,,,cap
Azel,O=C(O)CCCCCCCC(=O)O,Azelaoyl cap (C9 diacid),cap,,[2*]C(=O)CCCCCCCC([4*])=O,,[OH],,[OH],,,"2:backbone_c,4:carboxyl",canonical-sites-v1,,,,,cap
Seb,O=C(O)CCCCCCCCC(=O)O,Sebacoyl cap (C10 diacid),cap,,[2*]C(=O)CCCCCCCCC([4*])=O,,[OH],,[OH],,,"2:backbone_c,4:carboxyl",canonical-sites-v1,,,,,cap
Dod_dAcid,O=C(O)CCCCCCCCCCC(=O)O,Dodecanedioyl cap (C12 diacid),cap,,[2*]C(=O)CCCCCCCCCCC([4*])=O,,[OH],,[OH],,,"2:backbone_c,4:carboxyl",canonical-sites-v1,,,,,cap
ClAc,O=C(O)CCl,Chloroacetyl cap,cap,,[2*]C(=O)C[4*],,[OH],,[Cl],,,"2:backbone_c,4:alkyl_halide_c",canonical-sites-v1,,,,,cap
BrAc,O=C(O)CBr,Bromoacetyl cap,cap,,[2*]C(=O)C[4*],,[OH],,[Br],,,"2:backbone_c,4:alkyl_halide_c",canonical-sites-v1,,,,,cap
PropCap,CCC(=O)O,Propionyl cap,cap,,[2*]C(=O)CC,,[OH],,,,,2:backbone_c,canonical-sites-v1,,,,,cap
ButCap,CCCC(=O)O,Butyryl cap,cap,,[2*]C(=O)CCC,,[OH],,,,,2:backbone_c,canonical-sites-v1,,,,,cap
HexCap,CCCCCC(=O)O,Hexanoyl cap,cap,,[2*]C(=O)CCCCC,,[OH],,,,,2:backbone_c,canonical-sites-v1,,,,,cap
CF3Ac,O=C(O)C(F)(F)F,Trifluoroacetyl cap,cap,,[2*]C(=O)C(F)(F)F,,[OH],,,,,2:backbone_c,canonical-sites-v1,,,,,cap
9Anac,NCCCCCCCCC(=O)O,9-Aminononanoic acid linker,linker,,[1*]N([3*])CCCCCCCCC([2*])=O,[H],[OH],[H],,,,"1:backbone_n,2:backbone_c,3:backbone_n_mod",canonical-sites-v1,,,,,linker
10Adec,NCCCCCCCCCC(=O)O,10-Aminodecanoic acid linker,linker,,[1*]N([3*])CCCCCCCCCC([2*])=O,[H],[OH],[H],,,,"1:backbone_n,2:backbone_c,3:backbone_n_mod",canonical-sites-v1,,,,,linker
12Adod,NCCCCCCCCCCCC(=O)O,12-Aminododecanoic acid linker,linker,,[1*]N([3*])CCCCCCCCCCCC([2*])=O,[H],[OH],[H],,,,"1:backbone_n,2:backbone_c,3:backbone_n_mod",canonical-sites-v1,,,,,linker
OEG7,NCCOCCOCCOCCOCCOCCOCCOCC(=O)O,7-unit PEG amino acid linker,linker,,[1*]N([3*])CCOCCOCCOCCOCCOCCOCCOCC([2*])=O,[H],[OH],[H],,,,"1:backbone_n,2:backbone_c,3:backbone_n_mod",canonical-sites-v1,,,,,linker
meTrp_5F,CN[C@@H](Cc1c[nH]c2cc(F)ccc12)C(=O)O,NMe-L-5-fluorotryptophan,aa,,[1*]N(C)[C@@H](Cc1cn([4*])c2cc(F)ccc12)C([2*])=O,[H],[OH],,[H],,,"1:backbone_n,2:backbone_c,4:aromatic_nh",canonical-sites-v1,,,,,modified
meTrp_5Me,CN[C@@H](Cc1c[nH]c2cc(C)ccc12)C(=O)O,NMe-L-5-methyltryptophan,aa,,[1*]N(C)[C@@H](Cc1cn([4*])c2cc(C)ccc12)C([2*])=O,[H],[OH],,[H],,,"1:backbone_n,2:backbone_c,4:aromatic_nh",canonical-sites-v1,,,,,modified
meTrp_7Aza,CN[C@@H](Cc1c[nH]c2ncccc12)C(=O)O,NMe-L-7-azatryptophan,aa,,[1*]N(C)[C@@H](Cc1cn([4*])c2ncccc12)C([2*])=O,[H],[OH],,[H],,,"1:backbone_n,2:backbone_c,4:aromatic_nh",canonical-sites-v1,,,,,modified
D_meW,CN[C@H](Cc1c[nH]c2ccccc12)C(=O)O,NMe-D-tryptophan,aa,,[1*]N(C)[C@H](Cc1cn([4*])c2ccccc12)C([2*])=O,[H],[OH],,[H],,,"1:backbone_n,2:backbone_c,4:aromatic_nh",canonical-sites-v1,,,,,modified
D_aMeTrp,C[C@@](N)(Cc1c[nH]c2ccccc12)C(=O)O,D-alpha-methyltryptophan (R),aa,,[1*]N([3*])[C@](C)(Cc1cn([4*])c2ccccc12)C([2*])=O,[H],[OH],[H],[H],,,"1:backbone_n,2:backbone_c,3:backbone_n_mod,4:aromatic_nh",canonical-sites-v1,,,,,modified
b3hTrp_5F,N[C@H](CC(=O)O)Cc1c[nH]c2cc(F)ccc12,beta3-Homo-5-fluorotryptophan (L),aa,,[1*]N([3*])[C@H](CC([2*])=O)Cc1cn([4*])c2cc(F)ccc12,[H],[OH],[H],[H],,,"1:backbone_n,2:backbone_c,3:backbone_n_mod,4:aromatic_nh",canonical-sites-v1,,,,,modified
D_meT,CN[C@H]([C@@H](O)C)C(=O)O,NMe-D-threonine,aa,,[1*]N(C)[C@@H](C([2*])=O)[C@H](C)O[4*],[H],[OH],,[H],,,"1:backbone_n,2:backbone_c,4:hydroxyl",canonical-sites-v1,,,,,modified
D_meM,CN[C@H](CCSC)C(=O)O,NMe-D-methionine,aa,,[1*]N(C)[C@H](CCSC)C([2*])=O,[H],[OH],,,,,"1:backbone_n,2:backbone_c",canonical-sites-v1,,,,,modified
D_meC,CN[C@H](CS)C(=O)O,NMe-D-cysteine,aa,,[1*]N(C)[C@H](CS[4*])C([2*])=O,[H],[OH],,[H],,,"1:backbone_n,2:backbone_c,4:thiol",canonical-sites-v1,,,,,modified
D_meH,CN[C@H](Cc1cnc[nH]1)C(=O)O,NMe-D-histidine,aa,,[1*]N(C)[C@H](Cc1cncn1[4*])C([2*])=O,[H],[OH],,[H],,,"1:backbone_n,2:backbone_c,4:aromatic_nh",canonical-sites-v1,,,,,modified
D_meD,CN[C@H](CC(=O)O)C(=O)O,NMe-D-aspartate,aa,,[1*]N(C)[C@H](CC([4*])=O)C([2*])=O,[H],[OH],,[OH],,,"1:backbone_n,2:backbone_c,4:carboxyl",canonical-sites-v1,,,,,modified
D_meE,CN[C@H](CCC(=O)O)C(=O)O,NMe-D-glutamate,aa,,[1*]N(C)[C@H](CCC([4*])=O)C([2*])=O,[H],[OH],,[OH],,,"1:backbone_n,2:backbone_c,4:carboxyl",canonical-sites-v1,,,,,modified
D_meN,CN[C@H](CC(N)=O)C(=O)O,NMe-D-asparagine,aa,,[1*]N(C)[C@H](CC(=O)N([4*])[5*])C([2*])=O,[H],[OH],,[H],[H],,"1:backbone_n,2:backbone_c,4:amide_nh,5:amide_nh",canonical-sites-v1,,,,,modified
D_meQ,CN[C@H](CCC(N)=O)C(=O)O,NMe-D-glutamine,aa,,[1*]N(C)[C@H](CCC(=O)N([4*])[5*])C([2*])=O,[H],[OH],,[H],[H],,"1:backbone_n,2:backbone_c,4:amide_nh,5:amide_nh",canonical-sites-v1,,,,,modified
D_meK,CN[C@H](CCCCN)C(=O)O,NMe-D-lysine,aa,,[1*]N(C)[C@H](CCCCN([4*])[5*])C([2*])=O,[H],[OH],,[H],[H],,"1:backbone_n,2:backbone_c,4:amine_primary,5:amine_primary",canonical-sites-v1,,,,,modified
D_meCha,CN[C@H](CC1CCCCC1)C(=O)O,NMe-D-cyclohexylalanine,aa,,[1*]N(C)[C@H](CC1CCCCC1)C([2*])=O,[H],[OH],,,,,"1:backbone_n,2:backbone_c",canonical-sites-v1,,,,,modified
D_meBip,CN[C@H](Cc1ccc(-c2ccccc2)cc1)C(=O)O,NMe-D-biphenylalanine (4),aa,,[1*]N(C)[C@H](Cc1ccc(-c2ccccc2)cc1)C([2*])=O,[H],[OH],,,,,"1:backbone_n,2:backbone_c",canonical-sites-v1,,,,,modified
D_me1Nal,CN[C@H](Cc1cccc2ccccc12)C(=O)O,NMe-D-1-naphthylalanine,aa,,[1*]N(C)[C@H](Cc1cccc2ccccc12)C([2*])=O,[H],[OH],,,,,"1:backbone_n,2:backbone_c",canonical-sites-v1,,,,,modified
D_me2Nal,CN[C@H](Cc1ccc2ccccc2c1)C(=O)O,NMe-D-2-naphthylalanine,aa,,[1*]N(C)[C@H](Cc1ccc2ccccc2c1)C([2*])=O,[H],[OH],,,,,"1:backbone_n,2:backbone_c",canonical-sites-v1,,,,,modified
D_meChg,CN[C@@H](C(=O)O)C1CCCCC1,NMe-D-cyclohexylglycine,aa,,[1*]N(C)[C@@H](C([2*])=O)C1CCCCC1,[H],[OH],,,,,"1:backbone_n,2:backbone_c",canonical-sites-v1,,,,,modified
D_meDip,CN[C@H](CC(c1ccccc1)c1ccccc1)C(=O)O,NMe-D-diphenylalanine,aa,,[1*]N(C)[C@H](CC(c1ccccc1)c1ccccc1)C([2*])=O,[H],[OH],,,,,"1:backbone_n,2:backbone_c",canonical-sites-v1,,,,,modified
D_meNva,CCC[C@@H](NC)C(=O)O,NMe-D-norvaline,aa,,[1*]N(C)[C@H](CCC)C([2*])=O,[H],[OH],,,,,"1:backbone_n,2:backbone_c",canonical-sites-v1,,,,,modified
D_meAbu,CC[C@@H](NC)C(=O)O,NMe-D-2-aminobutyric acid,aa,,[1*]N(C)[C@H](CC)C([2*])=O,[H],[OH],,,,,"1:backbone_n,2:backbone_c",canonical-sites-v1,,,,,modified
D_me3Pal,CN[C@H](Cc1cccnc1)C(=O)O,NMe-D-3-pyridylalanine,aa,,[1*]N(C)[C@H](Cc1cccnc1)C([2*])=O,[H],[OH],,,,,"1:backbone_n,2:backbone_c",canonical-sites-v1,,,,,modified
D_me4Pal,CN[C@H](Cc1ccncc1)C(=O)O,NMe-D-4-pyridylalanine,aa,,[1*]N(C)[C@H](Cc1ccncc1)C([2*])=O,[H],[OH],,,,,"1:backbone_n,2:backbone_c",canonical-sites-v1,,,,,modified
D_mePhe_3F,CN[C@H](Cc1cccc(F)c1)C(=O)O,NMe-D-3-fluorophenylalanine,aa,,[1*]N(C)[C@H](Cc1cccc(F)c1)C([2*])=O,[H],[OH],,,,,"1:backbone_n,2:backbone_c",canonical-sites-v1,,,,,modified
D_mePhe_3OMe,CN[C@H](Cc1cccc(OC)c1)C(=O)O,NMe-D-3-methoxyphenylalanine,aa,,[1*]N(C)[C@H](Cc1cccc(OC)c1)C([2*])=O,[H],[OH],,,,,"1:backbone_n,2:backbone_c",canonical-sites-v1,,,,,modified
D_mePhe_4Br,CN[C@H](Cc1ccc(Br)cc1)C(=O)O,NMe-D-4-bromophenylalanine,aa,,[1*]N(C)[C@H](Cc1ccc(Br)cc1)C([2*])=O,[H],[OH],,,,,"1:backbone_n,2:backbone_c",canonical-sites-v1,,,,,modified
D_mePhe_4CF3,CN[C@H](Cc1ccc(C(F)(F)F)cc1)C(=O)O,NMe-D-4-(trifluoromethyl)phenylalanine,aa,,[1*]N(C)[C@H](Cc1ccc(C(F)(F)F)cc1)C([2*])=O,[H],[OH],,,,,"1:backbone_n,2:backbone_c",canonical-sites-v1,,,,,modified
D_mePhe_4Cl,CN[C@H](Cc1ccc(Cl)cc1)C(=O)O,NMe-D-4-chlorophenylalanine,aa,,[1*]N(C)[C@H](Cc1ccc(Cl)cc1)C([2*])=O,[H],[OH],,,,,"1:backbone_n,2:backbone_c",canonical-sites-v1,,,,,modified
D_mePhe_4F,CN[C@H](Cc1ccc(F)cc1)C(=O)O,NMe-D-4-fluorophenylalanine,aa,,[1*]N(C)[C@H](Cc1ccc(F)cc1)C([2*])=O,[H],[OH],,,,,"1:backbone_n,2:backbone_c",canonical-sites-v1,,,,,modified
D_mePhe_4OMe,CN[C@H](Cc1ccc(OC)cc1)C(=O)O,NMe-D-4-methoxyphenylalanine,aa,,[1*]N(C)[C@H](Cc1ccc(OC)cc1)C([2*])=O,[H],[OH],,,,,"1:backbone_n,2:backbone_c",canonical-sites-v1,,,,,modified
D_mePhe_4tBu,CN[C@H](Cc1ccc(C(C)(C)C)cc1)C(=O)O,NMe-D-4-tert-butylphenylalanine,aa,,[1*]N(C)[C@H](Cc1ccc(C(C)(C)C)cc1)C([2*])=O,[H],[OH],,,,,"1:backbone_n,2:backbone_c",canonical-sites-v1,,,,,modified
D_meTrp_5F,CN[C@H](Cc1c[nH]c2cc(F)ccc12)C(=O)O,NMe-D-5-fluorotryptophan,aa,,[1*]N(C)[C@H](Cc1cn([4*])c2cc(F)ccc12)C([2*])=O,[H],[OH],,[H],,,"1:backbone_n,2:backbone_c,4:aromatic_nh",canonical-sites-v1,,,,,modified
D_meTrp_5Me,CN[C@H](Cc1c[nH]c2cc(C)ccc12)C(=O)O,NMe-D-5-methyltryptophan,aa,,[1*]N(C)[C@H](Cc1cn([4*])c2cc(C)ccc12)C([2*])=O,[H],[OH],,[H],,,"1:backbone_n,2:backbone_c,4:aromatic_nh",canonical-sites-v1,,,,,modified
D_meTrp_7Aza,CN[C@H](Cc1c[nH]c2ncccc12)C(=O)O,NMe-D-7-azatryptophan,aa,,[1*]N(C)[C@H](Cc1cn([4*])c2ncccc12)C([2*])=O,[H],[OH],,[H],,,"1:backbone_n,2:backbone_c,4:aromatic_nh",canonical-sites-v1,,,,,modified
meOrn,CN[C@@H](CCCN)C(=O)O,NMe-L-ornithine,aa,,[1*]N(C)[C@@H](CCCN([4*])[5*])C([2*])=O,[H],[OH],,[H],[H],,"1:backbone_n,2:backbone_c,4:amine_primary,5:amine_primary",canonical-sites-v1,,,,,modified
D_meOrn,CN[C@H](CCCN)C(=O)O,NMe-D-ornithine,aa,,[1*]N(C)[C@H](CCCN([4*])[5*])C([2*])=O,[H],[OH],,[H],[H],,"1:backbone_n,2:backbone_c,4:amine_primary,5:amine_primary",canonical-sites-v1,,,,,modified
meDab,CN[C@@H](CCN)C(=O)O,"NMe-L-2,4-diaminobutyric acid",aa,,[1*]N(C)[C@@H](CCN([4*])[5*])C([2*])=O,[H],[OH],,[H],[H],,"1:backbone_n,2:backbone_c,4:amine_primary,5:amine_primary",canonical-sites-v1,,,,,modified
D_meDab,CN[C@H](CCN)C(=O)O,"NMe-D-2,4-diaminobutyric acid",aa,,[1*]N(C)[C@H](CCN([4*])[5*])C([2*])=O,[H],[OH],,[H],[H],,"1:backbone_n,2:backbone_c,4:amine_primary,5:amine_primary",canonical-sites-v1,,,,,modified
meDap,CN[C@@H](CN)C(=O)O,"NMe-L-2,3-diaminopropionic acid",aa,,[1*]N(C)[C@@H](CN([4*])[5*])C([2*])=O,[H],[OH],,[H],[H],,"1:backbone_n,2:backbone_c,4:amine_primary,5:amine_primary",canonical-sites-v1,,,,,modified
D_meDap,CN[C@H](CN)C(=O)O,"NMe-D-2,3-diaminopropionic acid",aa,,[1*]N(C)[C@H](CN([4*])[5*])C([2*])=O,[H],[OH],,[H],[H],,"1:backbone_n,2:backbone_c,4:amine_primary,5:amine_primary",canonical-sites-v1,,,,,modified
mePhe_2F,CN[C@@H](Cc1ccccc1F)C(=O)O,NMe-L-2-fluorophenylalanine,aa,,[1*]N(C)[C@@H](Cc1ccccc1F)C([2*])=O,[H],[OH],,,,,"1:backbone_n,2:backbone_c",canonical-sites-v1,,,,,modified
D_mePhe_2F,CN[C@H](Cc1ccccc1F)C(=O)O,NMe-D-2-fluorophenylalanine,aa,,[1*]N(C)[C@H](Cc1ccccc1F)C([2*])=O,[H],[OH],,,,,"1:backbone_n,2:backbone_c",canonical-sites-v1,,,,,modified
mePhe_2Cl,CN[C@@H](Cc1ccccc1Cl)C(=O)O,NMe-L-2-chlorophenylalanine,aa,,[1*]N(C)[C@@H](Cc1ccccc1Cl)C([2*])=O,[H],[OH],,,,,"1:backbone_n,2:backbone_c",canonical-sites-v1,,,,,modified
D_mePhe_2Cl,CN[C@H](Cc1ccccc1Cl)C(=O)O,NMe-D-2-chlorophenylalanine,aa,,[1*]N(C)[C@H](Cc1ccccc1Cl)C([2*])=O,[H],[OH],,,,,"1:backbone_n,2:backbone_c",canonical-sites-v1,,,,,modified
mePhe_4Me,CN[C@@H](Cc1ccc(C)cc1)C(=O)O,NMe-L-4-methylphenylalanine,aa,,[1*]N(C)[C@@H](Cc1ccc(C)cc1)C([2*])=O,[H],[OH],,,,,"1:backbone_n,2:backbone_c",canonical-sites-v1,,,,,modified
D_mePhe_4Me,CN[C@H](Cc1ccc(C)cc1)C(=O)O,NMe-D-4-methylphenylalanine,aa,,[1*]N(C)[C@H](Cc1ccc(C)cc1)C([2*])=O,[H],[OH],,,,,"1:backbone_n,2:backbone_c",canonical-sites-v1,,,,,modified
mePhe_4CN,CN[C@@H](Cc1ccc(C#N)cc1)C(=O)O,NMe-L-4-cyanophenylalanine,aa,,[1*]N(C)[C@@H](Cc1ccc(C#N)cc1)C([2*])=O,[H],[OH],,,,,"1:backbone_n,2:backbone_c",canonical-sites-v1,,,,,modified
D_mePhe_4CN,CN[C@H](Cc1ccc(C#N)cc1)C(=O)O,NMe-D-4-cyanophenylalanine,aa,,[1*]N(C)[C@H](Cc1ccc(C#N)cc1)C([2*])=O,[H],[OH],,,,,"1:backbone_n,2:backbone_c",canonical-sites-v1,,,,,modified
mePhe_4NO2,CN[C@@H](Cc1ccc([N+](=O)[O-])cc1)C(=O)O,NMe-L-4-nitrophenylalanine,aa,,[1*]N(C)[C@@H](Cc1ccc([N+](=O)[O-])cc1)C([2*])=O,[H],[OH],,,,,"1:backbone_n,2:backbone_c",canonical-sites-v1,,,,,modified
D_mePhe_4NO2,CN[C@H](Cc1ccc([N+](=O)[O-])cc1)C(=O)O,NMe-D-4-nitrophenylalanine,aa,,[1*]N(C)[C@H](Cc1ccc([N+](=O)[O-])cc1)C([2*])=O,[H],[OH],,,,,"1:backbone_n,2:backbone_c",canonical-sites-v1,,,,,modified
mePhe_4NH2,CN[C@@H](Cc1ccc(N)cc1)C(=O)O,NMe-L-4-aminophenylalanine,aa,,[1*]N(C)[C@@H](Cc1ccc(N([4*])[5*])cc1)C([2*])=O,[H],[OH],,[H],[H],,"1:backbone_n,2:backbone_c,4:amine_primary,5:amine_primary",canonical-sites-v1,,,,,modified
D_mePhe_4NH2,CN[C@H](Cc1ccc(N)cc1)C(=O)O,NMe-D-4-aminophenylalanine,aa,,[1*]N(C)[C@H](Cc1ccc(N([4*])[5*])cc1)C([2*])=O,[H],[OH],,[H],[H],,"1:backbone_n,2:backbone_c,4:amine_primary,5:amine_primary",canonical-sites-v1,,,,,modified
mePhe_4SMe,CN[C@@H](Cc1ccc(SC)cc1)C(=O)O,NMe-L-4-(methylthio)phenylalanine,aa,,[1*]N(C)[C@@H](Cc1ccc(SC)cc1)C([2*])=O,[H],[OH],,,,,"1:backbone_n,2:backbone_c",canonical-sites-v1,,,,,modified
D_mePhe_4SMe,CN[C@H](Cc1ccc(SC)cc1)C(=O)O,NMe-D-4-(methylthio)phenylalanine,aa,,[1*]N(C)[C@H](Cc1ccc(SC)cc1)C([2*])=O,[H],[OH],,,,,"1:backbone_n,2:backbone_c",canonical-sites-v1,,,,,modified
mePhe_4I,CN[C@@H](Cc1ccc(I)cc1)C(=O)O,NMe-L-4-iodophenylalanine,aa,,[1*]N(C)[C@@H](Cc1ccc(I)cc1)C([2*])=O,[H],[OH],,,,,"1:backbone_n,2:backbone_c",canonical-sites-v1,,,,,modified
D_mePhe_4I,CN[C@H](Cc1ccc(I)cc1)C(=O)O,NMe-D-4-iodophenylalanine,aa,,[1*]N(C)[C@H](Cc1ccc(I)cc1)C([2*])=O,[H],[OH],,,,,"1:backbone_n,2:backbone_c",canonical-sites-v1,,,,,modified
mePhe_34diF,CN[C@@H](Cc1ccc(F)c(F)c1)C(=O)O,"NMe-L-3,4-difluorophenylalanine",aa,,[1*]N(C)[C@@H](Cc1ccc(F)c(F)c1)C([2*])=O,[H],[OH],,,,,"1:backbone_n,2:backbone_c",canonical-sites-v1,,,,,modified
D_mePhe_34diF,CN[C@H](Cc1ccc(F)c(F)c1)C(=O)O,"NMe-D-3,4-difluorophenylalanine",aa,,[1*]N(C)[C@H](Cc1ccc(F)c(F)c1)C([2*])=O,[H],[OH],,,,,"1:backbone_n,2:backbone_c",canonical-sites-v1,,,,,modified
meTrp_5Br,CN[C@@H](Cc1c[nH]c2cc(Br)ccc12)C(=O)O,NMe-L-5-bromotryptophan,aa,,[1*]N(C)[C@@H](Cc1cn([4*])c2cc(Br)ccc12)C([2*])=O,[H],[OH],,[H],,,"1:backbone_n,2:backbone_c,4:aromatic_nh",canonical-sites-v1,,,,,modified
D_meTrp_5Br,CN[C@H](Cc1c[nH]c2cc(Br)ccc12)C(=O)O,NMe-D-5-bromotryptophan,aa,,[1*]N(C)[C@H](Cc1cn([4*])c2cc(Br)ccc12)C([2*])=O,[H],[OH],,[H],,,"1:backbone_n,2:backbone_c,4:aromatic_nh",canonical-sites-v1,,,,,modified
meTyr_3F,CN[C@@H](Cc1cc(F)ccc1O)C(=O)O,NMe-L-3-fluorotyrosine,aa,,[1*]N(C)[C@@H](Cc1cc(F)ccc1O[4*])C([2*])=O,[H],[OH],,[H],,,"1:backbone_n,2:backbone_c,4:aryl_phenol_o",canonical-sites-v1,,,,,modified
D_meTyr_3F,CN[C@H](Cc1cc(F)ccc1O)C(=O)O,NMe-D-3-fluorotyrosine,aa,,[1*]N(C)[C@H](Cc1cc(F)ccc1O[4*])C([2*])=O,[H],[OH],,[H],,,"1:backbone_n,2:backbone_c,4:aryl_phenol_o",canonical-sites-v1,,,,,modified
D_Asp_OAll,C=CCOC(=O)C[C@@H](N)C(=O)O,D-aspartate allyl ester,aa,,[1*]N([3*])[C@H](CC(=O)OCC([4*])=C)C([2*])=O,[H],[OH],[H],[H],,,"1:backbone_n,2:backbone_c,3:backbone_n_mod,4:terminal_alkene",canonical-sites-v1,,,,,modified
D_BenzoxAla,N[C@H](Cc1nc2ccccc2o1)C(=O)O,D-benzoxazol-2-yl-alanine,aa,,[1*]N([3*])[C@H](Cc1nc2ccccc2o1)C([2*])=O,[H],[OH],[H],,,,"1:backbone_n,2:backbone_c,3:backbone_n_mod",canonical-sites-v1,,,,,modified
D_CyanoAla,N#CC[C@@H](N)C(=O)O,D-2-amino-3-cyanopropionic acid,aa,,[1*]N([3*])[C@H](CC#N)C([2*])=O,[H],[OH],[H],,,,"1:backbone_n,2:backbone_c,3:backbone_n_mod",canonical-sites-v1,,,,,modified
D_Cys_All,C=CCSC[C@@H](N)C(=O)O,D-S-allylcysteine,aa,,[1*]N([3*])[C@H](CSCC([4*])=C)C([2*])=O,[H],[OH],[H],[H],,,"1:backbone_n,2:backbone_c,3:backbone_n_mod,4:terminal_alkene",canonical-sites-v1,,,,,modified
D_Dab_Alloc,C=CCOC(=O)NCC[C@@H](N)C(=O)O,"D-Dab(Alloc) - 2,4-diaminobutyric acid N4-allyloxycarbonyl",aa,,[1*]N([3*])[C@H](CCN([5*])C(=O)OCC([4*])=C)C([2*])=O,[H],[OH],[H],[H],[H],,"1:backbone_n,2:backbone_c,3:backbone_n_mod,4:terminal_alkene,5:carbamate_nh",canonical-sites-v1,,,,,modified
D_Dap_Alloc,C=CCOC(=O)NC[C@@H](N)C(=O)O,"D-Dap(Alloc) - 2,3-diaminopropionic acid N3-allyloxycarbonyl",aa,,[1*]N([3*])[C@H](CN([5*])C(=O)OCC([4*])=C)C([2*])=O,[H],[OH],[H],[H],[H],,"1:backbone_n,2:backbone_c,3:backbone_n_mod,4:terminal_alkene,5:carbamate_nh",canonical-sites-v1,,,,,modified
D_Glu_OAll,C=CCOC(=O)CC[C@@H](N)C(=O)O,D-glutamate allyl ester,aa,,[1*]N([3*])[C@H](CCC(=O)OCC([4*])=C)C([2*])=O,[H],[OH],[H],[H],,,"1:backbone_n,2:backbone_c,3:backbone_n_mod,4:terminal_alkene",canonical-sites-v1,,,,,modified
D_IsoQuiAla,N[C@H](Cc1nccc2ccccc12)C(=O)O,D-isoquinolin-1-yl-alanine,aa,,[1*]N([3*])[C@H](Cc1nccc2ccccc12)C([2*])=O,[H],[OH],[H],,,,"1:backbone_n,2:backbone_c,3:backbone_n_mod",canonical-sites-v1,,,,,modified
D_Lys_5Me,CNCCCC[C@@H](N)C(=O)O,D-N-epsilon-methyllysine,aa,,[1*]N([3*])[C@H](CCCCN([4*])C)C([2*])=O,[H],[OH],[H],[H],,,"1:backbone_n,2:backbone_c,3:backbone_n_mod,4:amine_secondary",canonical-sites-v1,,,,,modified
D_Lys_5diMe,CN(C)CCCC[C@@H](N)C(=O)O,D-N-epsilon-dimethyllysine,aa,,[1*]N([3*])[C@H](CCCCN(C)C)C([2*])=O,[H],[OH],[H],,,,"1:backbone_n,2:backbone_c,3:backbone_n_mod",canonical-sites-v1,,,,,modified
D_Lys_Alloc,C=CCOC(=O)NCCCC[C@@H](N)C(=O)O,D-Lys(Alloc) - lysine N-epsilon-allyloxycarbonyl,aa,,[1*]N([3*])[C@H](CCCCN([5*])C(=O)OCC([4*])=C)C([2*])=O,[H],[OH],[H],[H],[H],,"1:backbone_n,2:backbone_c,3:backbone_n_mod,4:terminal_alkene,5:carbamate_nh",canonical-sites-v1,,,,,modified
D_Lys_Cbz,N[C@H](CCCCNC(=O)Oc1ccccc1)C(=O)O,D-Lys(Cbz) - lysine N-epsilon-benzyloxycarbonyl,aa,,[1*]N([3*])[C@H](CCCCN([4*])C(=O)Oc1ccccc1)C([2*])=O,[H],[OH],[H],[H],,,"1:backbone_n,2:backbone_c,3:backbone_n_mod,4:carbamate_nh",canonical-sites-v1,,,,,modified
D_Lys_Mtt,Cc1ccc(C(NCCCC[C@@H](N)C(=O)O)(c2ccccc2)c2ccccc2)cc1,D-Lys(Mtt) - lysine N-epsilon-4-methyltrityl,aa,,[1*]N([3*])[C@H](CCCCNC(c1ccccc1)(c1ccccc1)c1ccc(C)cc1)C([2*])=O,[H],[OH],[H],,,,"1:backbone_n,2:backbone_c,3:backbone_n_mod",canonical-sites-v1,,,,,modified
D_Orn_Alloc,C=CCOC(=O)NCCC[C@@H](N)C(=O)O,D-Orn(Alloc) - ornithine N-delta-allyloxycarbonyl,aa,,[1*]N([3*])[C@H](CCCN([5*])C(=O)OCC([4*])=C)C([2*])=O,[H],[OH],[H],[H],[H],,"1:backbone_n,2:backbone_c,3:backbone_n_mod,4:terminal_alkene,5:carbamate_nh",canonical-sites-v1,,,,,modified
D_Orn_Cbz,N[C@H](CCCNC(=O)Oc1ccccc1)C(=O)O,D-Orn(Cbz) - ornithine N-delta-benzyloxycarbonyl,aa,,[1*]N([3*])[C@H](CCCN([4*])C(=O)Oc1ccccc1)C([2*])=O,[H],[OH],[H],[H],,,"1:backbone_n,2:backbone_c,3:backbone_n_mod,4:carbamate_nh",canonical-sites-v1,,,,,modified
D_Phe_34diOMe,COc1ccc(C[C@@H](N)C(=O)O)cc1OC,"D-3,4-dimethoxyphenylalanine",aa,,[1*]N([3*])[C@H](Cc1ccc(OC)c(OC)c1)C([2*])=O,[H],[OH],[H],,,,"1:backbone_n,2:backbone_c,3:backbone_n_mod",canonical-sites-v1,,,,,modified
D_Phe_4iPr,CC(C)c1ccc(C[C@@H](N)C(=O)O)cc1,D-4-isopropylphenylalanine,aa,,[1*]N([3*])[C@H](Cc1ccc(C(C)C)cc1)C([2*])=O,[H],[OH],[H],,,,"1:backbone_n,2:backbone_c,3:backbone_n_mod",canonical-sites-v1,,,,,modified
D_Pro_4Me_c,C[C@H]1CN[C@@H](C(=O)O)C1,D-4-methyl-L-proline (cis),aa,,[1*]N1C[C@H](C)C[C@@H]1C([2*])=O,[H],[OH],,,,,"1:backbone_n,2:backbone_c",canonical-sites-v1,,,,,modified
D_Pro_4Me_t,C[C@@H]1CN[C@@H](C(=O)O)C1,D-4-methyl-L-proline (trans),aa,,[1*]N1C[C@@H](C)C[C@@H]1C([2*])=O,[H],[OH],,,,,"1:backbone_n,2:backbone_c",canonical-sites-v1,,,,,modified
D_Pro_4NH2_c,N[C@H]1CN[C@@H](C(=O)O)C1,D-4-amino-L-proline (cis),aa,,[1*]N1C[C@H](N([4*])[5*])C[C@@H]1C([2*])=O,[H],[OH],,[H],[H],,"1:backbone_n,2:backbone_c,4:amine_primary,5:amine_primary",canonical-sites-v1,,,,,modified
D_Pro_4NH2_t,N[C@@H]1CN[C@@H](C(=O)O)C1,D-4-amino-L-proline (trans),aa,,[1*]N1C[C@@H](N([4*])[5*])C[C@@H]1C([2*])=O,[H],[OH],,[H],[H],,"1:backbone_n,2:backbone_c,4:amine_primary,5:amine_primary",canonical-sites-v1,,,,,modified
D_Pyr1Ala,N[C@H](Cn1cccc1)C(=O)O,D-1-pyrazol-1-yl-alanine,aa,,[1*]N([3*])[C@H](Cn1cccc1)C([2*])=O,[H],[OH],[H],,,,"1:backbone_n,2:backbone_c,3:backbone_n_mod",canonical-sites-v1,,,,,modified
D_Ser_All,C=CCOC[C@@H](N)C(=O)O,D-O-allylserine,aa,,[1*]N([3*])[C@H](COCC([4*])=C)C([2*])=O,[H],[OH],[H],[H],,,"1:backbone_n,2:backbone_c,3:backbone_n_mod,4:terminal_alkene",canonical-sites-v1,,,,,modified
D_Thr_All,C=CCO[C@H](C)[C@@H](N)C(=O)O,D-O-allylthreonine,aa,,[1*]N([3*])[C@@H](C([2*])=O)[C@@H](C)OCC([4*])=C,[H],[OH],[H],[H],,,"1:backbone_n,2:backbone_c,3:backbone_n_mod,4:terminal_alkene",canonical-sites-v1,,,,,modified
D_TriazAla,N[C@H](Cn1ccnn1)C(=O)O,"D-1,2,4-triazol-1-yl-alanine",aa,,[1*]N([3*])[C@H](Cn1ccnn1)C([2*])=O,[H],[OH],[H],,,,"1:backbone_n,2:backbone_c,3:backbone_n_mod",canonical-sites-v1,,,,,modified
D_Tyr_All,C=CCOc1ccc(C[C@@H](N)C(=O)O)cc1,D-O-allyltyrosine,aa,,[1*]N([3*])[C@H](Cc1ccc(OCC([4*])=C)cc1)C([2*])=O,[H],[OH],[H],[H],,,"1:backbone_n,2:backbone_c,3:backbone_n_mod,4:terminal_alkene",canonical-sites-v1,,,,,modified
D_hCit,NC(=O)NCCCC[C@@H](N)C(=O)O,D-homocitrulline,aa,,[1*]N([3*])[C@H](CCCCN([6*])C(=O)N([4*])[5*])C([2*])=O,[H],[OH],[H],[H],[H],[H],"1:backbone_n,2:backbone_c,3:backbone_n_mod,4:urea_nh,5:urea_nh,6:urea_nh",canonical-sites-v1,,,,,modified
D_aMeCys,C[C@@](N)(CS)C(=O)O,D-alpha-methylcysteine,aa,,[1*]N([3*])[C@](C)(CS[4*])C([2*])=O,[H],[OH],[H],[H],,,"1:backbone_n,2:backbone_c,3:backbone_n_mod,4:thiol",canonical-sites-v1,,,,,modified
D_aMeHis,C[C@@](N)(Cc1cnc[nH]1)C(=O)O,D-alpha-methylhistidine,aa,,[1*]N([3*])[C@](C)(Cc1cncn1[4*])C([2*])=O,[H],[OH],[H],[H],,,"1:backbone_n,2:backbone_c,3:backbone_n_mod,4:aromatic_nh",canonical-sites-v1,,,,,modified
D_aMeLys,C[C@@](N)(CCCCN)C(=O)O,D-alpha-methyllysine,aa,,[1*]N([3*])[C@](C)(CCCCN([4*])[5*])C([2*])=O,[H],[OH],[H],[H],[H],,"1:backbone_n,2:backbone_c,3:backbone_n_mod,4:amine_primary,5:amine_primary",canonical-sites-v1,,,,,modified
D_aMeMet,CSCC[C@@](C)(N)C(=O)O,D-alpha-methylmethionine,aa,,[1*]N([3*])[C@](C)(CCSC)C([2*])=O,[H],[OH],[H],,,,"1:backbone_n,2:backbone_c,3:backbone_n_mod",canonical-sites-v1,,,,,modified
D_aMeNle,CCCC[C@@](C)(N)C(=O)O,D-alpha-methylnorleucine,aa,,[1*]N([3*])[C@](C)(CCCC)C([2*])=O,[H],[OH],[H],,,,"1:backbone_n,2:backbone_c,3:backbone_n_mod",canonical-sites-v1,,,,,modified
D_aMeNva,CCC[C@@](C)(N)C(=O)O,D-alpha-methylnorvaline,aa,,[1*]N([3*])[C@](C)(CCC)C([2*])=O,[H],[OH],[H],,,,"1:backbone_n,2:backbone_c,3:backbone_n_mod",canonical-sites-v1,,,,,modified
D_aMePro,C[C@]1(C(=O)O)CCCN1,D-alpha-methylproline,aa,,[1*]N1CCC[C@]1(C)C([2*])=O,[H],[OH],,,,,"1:backbone_n,2:backbone_c",canonical-sites-v1,,,,,modified
D_aMeThr,C[C@@H](O)[C@@](C)(N)C(=O)O,D-alpha-methylthreonine,aa,,[1*]N([3*])[C@@](C)(C([2*])=O)[C@@H](C)O[4*],[H],[OH],[H],[H],,,"1:backbone_n,2:backbone_c,3:backbone_n_mod,4:hydroxyl",canonical-sites-v1,,,,,modified
D_aMeTyr_3OH,C[C@@](N)(Cc1ccc(O)c(O)c1)C(=O)O,D-alpha-methyl-3-hydroxytyrosine,aa,,[1*]N([3*])[C@](C)(Cc1ccc(O[4*])c(O[5*])c1)C([2*])=O,[H],[OH],[H],[H],[H],,"1:backbone_n,2:backbone_c,3:backbone_n_mod,4:aryl_phenol_o,5:aryl_phenol_o",canonical-sites-v1,,,,,modified
D_aMePhe_4Cl,C[C@@](N)(Cc1ccc(Cl)cc1)C(=O)O,D-alpha-methyl-4-chlorophenylalanine,aa,,[1*]N([3*])[C@](C)(Cc1ccc(Cl)cc1)C([2*])=O,[H],[OH],[H],,,,"1:backbone_n,2:backbone_c,3:backbone_n_mod",canonical-sites-v1,,,,,modified
D_aMePhe_4F,C[C@@](N)(Cc1ccc(F)cc1)C(=O)O,D-alpha-methyl-4-fluorophenylalanine,aa,,[1*]N([3*])[C@](C)(Cc1ccc(F)cc1)C([2*])=O,[H],[OH],[H],,,,"1:backbone_n,2:backbone_c,3:backbone_n_mod",canonical-sites-v1,,,,,modified
D_aMePhe_4OMe,COc1ccc(C[C@@](C)(N)C(=O)O)cc1,D-alpha-methyl-4-methoxyphenylalanine,aa,,[1*]N([3*])[C@](C)(Cc1ccc(OC)cc1)C([2*])=O,[H],[OH],[H],,,,"1:backbone_n,2:backbone_c,3:backbone_n_mod",canonical-sites-v1,,,,,modified
aMeOrn,C[C@](N)(CCCN)C(=O)O,L-alpha-methylornithine,aa,,[1*]N([3*])[C@@](C)(CCCN([4*])[5*])C([2*])=O,[H],[OH],[H],[H],[H],,"1:backbone_n,2:backbone_c,3:backbone_n_mod,4:amine_primary,5:amine_primary",canonical-sites-v1,,,,,modified
D_aMeOrn,C[C@@](N)(CCCN)C(=O)O,D-alpha-methylornithine,aa,,[1*]N([3*])[C@](C)(CCCN([4*])[5*])C([2*])=O,[H],[OH],[H],[H],[H],,"1:backbone_n,2:backbone_c,3:backbone_n_mod,4:amine_primary,5:amine_primary",canonical-sites-v1,,,,,modified
aMeDab,C[C@](N)(CCN)C(=O)O,"L-alpha-methyl-2,4-diaminobutyric acid",aa,,[1*]N([3*])[C@@](C)(CCN([4*])[5*])C([2*])=O,[H],[OH],[H],[H],[H],,"1:backbone_n,2:backbone_c,3:backbone_n_mod,4:amine_primary,5:amine_primary",canonical-sites-v1,,,,,modified
D_aMeDab,C[C@@](N)(CCN)C(=O)O,"D-alpha-methyl-2,4-diaminobutyric acid",aa,,[1*]N([3*])[C@](C)(CCN([4*])[5*])C([2*])=O,[H],[OH],[H],[H],[H],,"1:backbone_n,2:backbone_c,3:backbone_n_mod,4:amine_primary,5:amine_primary",canonical-sites-v1,,,,,modified
aMeDap,C[C@](N)(CN)C(=O)O,"L-alpha-methyl-2,3-diaminopropionic acid",aa,,[1*]N([3*])[C@@](C)(CN([4*])[5*])C([2*])=O,[H],[OH],[H],[H],[H],,"1:backbone_n,2:backbone_c,3:backbone_n_mod,4:amine_primary,5:amine_primary",canonical-sites-v1,,,,,modified
D_aMeDap,C[C@@](N)(CN)C(=O)O,"D-alpha-methyl-2,3-diaminopropionic acid",aa,,[1*]N([3*])[C@](C)(CN([4*])[5*])C([2*])=O,[H],[OH],[H],[H],[H],,"1:backbone_n,2:backbone_c,3:backbone_n_mod,4:amine_primary,5:amine_primary",canonical-sites-v1,,,,,modified
aMePhe_4Br,C[C@](N)(Cc1ccc(Br)cc1)C(=O)O,L-alpha-methyl-4-bromophenylalanine,aa,,[1*]N([3*])[C@@](C)(Cc1ccc(Br)cc1)C([2*])=O,[H],[OH],[H],,,,"1:backbone_n,2:backbone_c,3:backbone_n_mod",canonical-sites-v1,,,,,modified
D_aMePhe_4Br,C[C@@](N)(Cc1ccc(Br)cc1)C(=O)O,D-alpha-methyl-4-bromophenylalanine,aa,,[1*]N([3*])[C@](C)(Cc1ccc(Br)cc1)C([2*])=O,[H],[OH],[H],,,,"1:backbone_n,2:backbone_c,3:backbone_n_mod",canonical-sites-v1,,,,,modified
aMePhe_4CF3,C[C@](N)(Cc1ccc(C(F)(F)F)cc1)C(=O)O,L-alpha-methyl-4-(trifluoromethyl)phenylalanine,aa,,[1*]N([3*])[C@@](C)(Cc1ccc(C(F)(F)F)cc1)C([2*])=O,[H],[OH],[H],,,,"1:backbone_n,2:backbone_c,3:backbone_n_mod",canonical-sites-v1,,,,,modified
D_aMePhe_4CF3,C[C@@](N)(Cc1ccc(C(F)(F)F)cc1)C(=O)O,D-alpha-methyl-4-(trifluoromethyl)phenylalanine,aa,,[1*]N([3*])[C@](C)(Cc1ccc(C(F)(F)F)cc1)C([2*])=O,[H],[OH],[H],,,,"1:backbone_n,2:backbone_c,3:backbone_n_mod",canonical-sites-v1,,,,,modified
aMePhe_4CN,C[C@](N)(Cc1ccc(C#N)cc1)C(=O)O,L-alpha-methyl-4-cyanophenylalanine,aa,,[1*]N([3*])[C@@](C)(Cc1ccc(C#N)cc1)C([2*])=O,[H],[OH],[H],,,,"1:backbone_n,2:backbone_c,3:backbone_n_mod",canonical-sites-v1,,,,,modified
D_aMePhe_4CN,C[C@@](N)(Cc1ccc(C#N)cc1)C(=O)O,D-alpha-methyl-4-cyanophenylalanine,aa,,[1*]N([3*])[C@](C)(Cc1ccc(C#N)cc1)C([2*])=O,[H],[OH],[H],,,,"1:backbone_n,2:backbone_c,3:backbone_n_mod",canonical-sites-v1,,,,,modified
aMePhe_4Me,Cc1ccc(C[C@](C)(N)C(=O)O)cc1,L-alpha-methyl-4-methylphenylalanine,aa,,[1*]N([3*])[C@@](C)(Cc1ccc(C)cc1)C([2*])=O,[H],[OH],[H],,,,"1:backbone_n,2:backbone_c,3:backbone_n_mod",canonical-sites-v1,,,,,modified
D_aMePhe_4Me,Cc1ccc(C[C@@](C)(N)C(=O)O)cc1,D-alpha-methyl-4-methylphenylalanine,aa,,[1*]N([3*])[C@](C)(Cc1ccc(C)cc1)C([2*])=O,[H],[OH],[H],,,,"1:backbone_n,2:backbone_c,3:backbone_n_mod",canonical-sites-v1,,,,,modified
aMePhe_4tBu,CC(C)(C)c1ccc(C[C@](C)(N)C(=O)O)cc1,L-alpha-methyl-4-tert-butylphenylalanine,aa,,[1*]N([3*])[C@@](C)(Cc1ccc(C(C)(C)C)cc1)C([2*])=O,[H],[OH],[H],,,,"1:backbone_n,2:backbone_c,3:backbone_n_mod",canonical-sites-v1,,,,,modified
D_aMePhe_4tBu,CC(C)(C)c1ccc(C[C@@](C)(N)C(=O)O)cc1,D-alpha-methyl-4-tert-butylphenylalanine,aa,,[1*]N([3*])[C@](C)(Cc1ccc(C(C)(C)C)cc1)C([2*])=O,[H],[OH],[H],,,,"1:backbone_n,2:backbone_c,3:backbone_n_mod",canonical-sites-v1,,,,,modified
aMePhe_3F,C[C@](N)(Cc1cccc(F)c1)C(=O)O,L-alpha-methyl-3-fluorophenylalanine,aa,,[1*]N([3*])[C@@](C)(Cc1cccc(F)c1)C([2*])=O,[H],[OH],[H],,,,"1:backbone_n,2:backbone_c,3:backbone_n_mod",canonical-sites-v1,,,,,modified
D_aMePhe_3F,C[C@@](N)(Cc1cccc(F)c1)C(=O)O,D-alpha-methyl-3-fluorophenylalanine,aa,,[1*]N([3*])[C@](C)(Cc1cccc(F)c1)C([2*])=O,[H],[OH],[H],,,,"1:backbone_n,2:backbone_c,3:backbone_n_mod",canonical-sites-v1,,,,,modified
aMe1Nal,C[C@](N)(Cc1cccc2ccccc12)C(=O)O,L-alpha-methyl-1-naphthylalanine,aa,,[1*]N([3*])[C@@](C)(Cc1cccc2ccccc12)C([2*])=O,[H],[OH],[H],,,,"1:backbone_n,2:backbone_c,3:backbone_n_mod",canonical-sites-v1,,,,,modified
D_aMe1Nal,C[C@@](N)(Cc1cccc2ccccc12)C(=O)O,D-alpha-methyl-1-naphthylalanine,aa,,[1*]N([3*])[C@](C)(Cc1cccc2ccccc12)C([2*])=O,[H],[OH],[H],,,,"1:backbone_n,2:backbone_c,3:backbone_n_mod",canonical-sites-v1,,,,,modified
aMe2Nal,C[C@](N)(Cc1ccc2ccccc2c1)C(=O)O,L-alpha-methyl-2-naphthylalanine,aa,,[1*]N([3*])[C@@](C)(Cc1ccc2ccccc2c1)C([2*])=O,[H],[OH],[H],,,,"1:backbone_n,2:backbone_c,3:backbone_n_mod",canonical-sites-v1,,,,,modified
D_aMe2Nal,C[C@@](N)(Cc1ccc2ccccc2c1)C(=O)O,D-alpha-methyl-2-naphthylalanine,aa,,[1*]N([3*])[C@](C)(Cc1ccc2ccccc2c1)C([2*])=O,[H],[OH],[H],,,,"1:backbone_n,2:backbone_c,3:backbone_n_mod",canonical-sites-v1,,,,,modified
aMeCha,C[C@](N)(CC1CCCCC1)C(=O)O,L-alpha-methylcyclohexylalanine,aa,,[1*]N([3*])[C@@](C)(CC1CCCCC1)C([2*])=O,[H],[OH],[H],,,,"1:backbone_n,2:backbone_c,3:backbone_n_mod",canonical-sites-v1,,,,,modified
D_aMeCha,C[C@@](N)(CC1CCCCC1)C(=O)O,D-alpha-methylcyclohexylalanine,aa,,[1*]N([3*])[C@](C)(CC1CCCCC1)C([2*])=O,[H],[OH],[H],,,,"1:backbone_n,2:backbone_c,3:backbone_n_mod",canonical-sites-v1,,,,,modified
aMeChg,C[C@@](N)(C(=O)O)C1CCCCC1,L-alpha-methylcyclohexylglycine,aa,,[1*]N([3*])[C@](C)(C([2*])=O)C1CCCCC1,[H],[OH],[H],,,,"1:backbone_n,2:backbone_c,3:backbone_n_mod",canonical-sites-v1,,,,,modified
D_aMeChg,C[C@](N)(C(=O)O)C1CCCCC1,D-alpha-methylcyclohexylglycine,aa,,[1*]N([3*])[C@@](C)(C([2*])=O)C1CCCCC1,[H],[OH],[H],,,,"1:backbone_n,2:backbone_c,3:backbone_n_mod",canonical-sites-v1,,,,,modified
aMeBip,C[C@](N)(Cc1ccc(-c2ccccc2)cc1)C(=O)O,L-alpha-methyl-4-biphenylalanine,aa,,[1*]N([3*])[C@@](C)(Cc1ccc(-c2ccccc2)cc1)C([2*])=O,[H],[OH],[H],,,,"1:backbone_n,2:backbone_c,3:backbone_n_mod",canonical-sites-v1,,,,,modified
D_aMeBip,C[C@@](N)(Cc1ccc(-c2ccccc2)cc1)C(=O)O,D-alpha-methyl-4-biphenylalanine,aa,,[1*]N([3*])[C@](C)(Cc1ccc(-c2ccccc2)cc1)C([2*])=O,[H],[OH],[H],,,,"1:backbone_n,2:backbone_c,3:backbone_n_mod",canonical-sites-v1,,,,,modified
aMeTrp_5F,CC(N)(Cc1c[nH]c2cc(F)ccc12)C(=O)O,L-alpha-methyl-5-fluorotryptophan,aa,,[1*]N([3*])C(C)(Cc1cn([4*])c2cc(F)ccc12)C([2*])=O,[H],[OH],[H],[H],,,"1:backbone_n,2:backbone_c,3:backbone_n_mod,4:aromatic_nh",canonical-sites-v1,,,,,modified
D_aMeTrp_5F,C[C@@](N)(Cc1c[nH]c2cc(F)ccc12)C(=O)O,D-alpha-methyl-5-fluorotryptophan,aa,,[1*]N([3*])[C@](C)(Cc1cn([4*])c2cc(F)ccc12)C([2*])=O,[H],[OH],[H],[H],,,"1:backbone_n,2:backbone_c,3:backbone_n_mod,4:aromatic_nh",canonical-sites-v1,,,,,modified
aMeTrp_7Aza,CC(N)(Cc1c[nH]c2ncccc12)C(=O)O,L-alpha-methyl-7-azatryptophan,aa,,[1*]N([3*])C(C)(Cc1cn([4*])c2ncccc12)C([2*])=O,[H],[OH],[H],[H],,,"1:backbone_n,2:backbone_c,3:backbone_n_mod,4:aromatic_nh",canonical-sites-v1,,,,,modified
D_aMeTrp_7Aza,C[C@@](N)(Cc1c[nH]c2ncccc12)C(=O)O,D-alpha-methyl-7-azatryptophan,aa,,[1*]N([3*])[C@](C)(Cc1cn([4*])c2ncccc12)C([2*])=O,[H],[OH],[H],[H],,,"1:backbone_n,2:backbone_c,3:backbone_n_mod,4:aromatic_nh",canonical-sites-v1,,,,,modified
b3hPhe,N[C@H](CC(=O)O)Cc1ccccc1,L-beta3-homophenylalanine,aa,,[1*]N([3*])[C@H](CC([2*])=O)Cc1ccccc1,[H],[OH],[H],,,,"1:backbone_n,2:backbone_c,3:backbone_n_mod",canonical-sites-v1,,,,,modified
b3hMet,CSCC[C@H](N)CC(=O)O,L-beta3-homomethionine,aa,,[1*]N([3*])[C@@H](CCSC)CC([2*])=O,[H],[OH],[H],,,,"1:backbone_n,2:backbone_c,3:backbone_n_mod",canonical-sites-v1,,,,,modified
b3hNva,CCC[C@H](N)CC(=O)O,L-beta3-homonorvaline,aa,,[1*]N([3*])[C@@H](CCC)CC([2*])=O,[H],[OH],[H],,,,"1:backbone_n,2:backbone_c,3:backbone_n_mod",canonical-sites-v1,,,,,modified
b3hCha,N[C@H](CC(=O)O)CC1CCCCC1,L-beta3-homocyclohexylalanine,aa,,[1*]N([3*])[C@H](CC([2*])=O)CC1CCCCC1,[H],[OH],[H],,,,"1:backbone_n,2:backbone_c,3:backbone_n_mod",canonical-sites-v1,,,,,modified
b3hChg,N[C@H](CC(=O)O)C1CCCCC1,L-beta3-homocyclohexylglycine,aa,,[1*]N([3*])[C@H](CC([2*])=O)C1CCCCC1,[H],[OH],[H],,,,"1:backbone_n,2:backbone_c,3:backbone_n_mod",canonical-sites-v1,,,,,modified
b3h1Nal,N[C@H](CC(=O)O)Cc1cccc2ccccc12,L-beta3-homo-1-naphthylalanine,aa,,[1*]N([3*])[C@H](CC([2*])=O)Cc1cccc2ccccc12,[H],[OH],[H],,,,"1:backbone_n,2:backbone_c,3:backbone_n_mod",canonical-sites-v1,,,,,modified
b3h2Nal,N[C@H](CC(=O)O)Cc1ccc2ccccc2c1,L-beta3-homo-2-naphthylalanine,aa,,[1*]N([3*])[C@H](CC([2*])=O)Cc1ccc2ccccc2c1,[H],[OH],[H],,,,"1:backbone_n,2:backbone_c,3:backbone_n_mod",canonical-sites-v1,,,,,modified
b3hAsn,NC(=O)C[C@H](N)CC(=O)O,L-beta3-homoasparagine,aa,,[1*]N([3*])[C@H](CC([2*])=O)CC(=O)N([4*])[5*],[H],[OH],[H],[H],[H],,"1:backbone_n,2:backbone_c,3:backbone_n_mod,4:amide_nh,5:amide_nh",canonical-sites-v1,,,,,modified
b3hGln,NC(=O)CC[C@H](N)CC(=O)O,L-beta3-homoglutamine,aa,,[1*]N([3*])[C@@H](CCC(=O)N([4*])[5*])CC([2*])=O,[H],[OH],[H],[H],[H],,"1:backbone_n,2:backbone_c,3:backbone_n_mod,4:amide_nh,5:amide_nh",canonical-sites-v1,,,,,modified
b3hHis,N[C@H](CC(=O)O)Cc1cnc[nH]1,L-beta3-homohistidine,aa,,[1*]N([3*])[C@H](CC([2*])=O)Cc1cncn1[4*],[H],[OH],[H],[H],,,"1:backbone_n,2:backbone_c,3:backbone_n_mod,4:aromatic_nh",canonical-sites-v1,,,,,modified
b3hTrp,N[C@H](CC(=O)O)Cc1c[nH]c2ccccc12,L-beta3-homotryptophan,aa,,[1*]N([3*])[C@H](CC([2*])=O)Cc1cn([4*])c2ccccc12,[H],[OH],[H],[H],,,"1:backbone_n,2:backbone_c,3:backbone_n_mod,4:aromatic_nh",canonical-sites-v1,,,,,modified
D_b3hNle,CCCC[C@@H](N)CC(=O)O,D-beta3-homonorleucine,aa,,[1*]N([3*])[C@H](CCCC)CC([2*])=O,[H],[OH],[H],,,,"1:backbone_n,2:backbone_c,3:backbone_n_mod",canonical-sites-v1,,,,,modified
D_b3hTyr,N[C@@H](CC(=O)O)Cc1ccc(O)cc1,D-beta3-homotyrosine,aa,,[1*]N([3*])[C@@H](CC([2*])=O)Cc1ccc(O[4*])cc1,[H],[OH],[H],[H],,,"1:backbone_n,2:backbone_c,3:backbone_n_mod,4:aryl_phenol_o",canonical-sites-v1,,,,,modified
D_b3hLys,NCCCC[C@@H](N)CC(=O)O,D-beta3-homolysine,aa,,[1*]N([3*])[C@H](CCCCN([4*])[5*])CC([2*])=O,[H],[OH],[H],[H],[H],,"1:backbone_n,2:backbone_c,3:backbone_n_mod,4:amine_primary,5:amine_primary",canonical-sites-v1,,,,,modified
D_b3hAsp,NC(CC(=O)O)CC(=O)O,D-beta3-homoaspartate,aa,,[1*]N([3*])C(CC([2*])=O)CC([4*])=O,[H],[OH],[H],[OH],,,"1:backbone_n,2:backbone_c,3:backbone_n_mod,4:carboxyl",canonical-sites-v1,,,,,modified
D_b3hGlu,N[C@H](CCC(=O)O)CC(=O)O,D-beta3-homoglutamate,aa,,[1*]N([3*])[C@H](CCC([4*])=O)CC([2*])=O,[H],[OH],[H],[OH],,,"1:backbone_n,2:backbone_c,3:backbone_n_mod,4:carboxyl",canonical-sites-v1,,,,,modified
D_b3hPhe_4Br,N[C@@H](CC(=O)O)Cc1ccc(Br)cc1,D-beta3-homo-4-bromophenylalanine,aa,,[1*]N([3*])[C@@H](CC([2*])=O)Cc1ccc(Br)cc1,[H],[OH],[H],,,,"1:backbone_n,2:backbone_c,3:backbone_n_mod",canonical-sites-v1,,,,,modified
D_b3hTrp_5F,N[C@@H](CC(=O)O)Cc1c[nH]c2cc(F)ccc12,D-beta3-homo-5-fluorotryptophan,aa,,[1*]N([3*])[C@@H](CC([2*])=O)Cc1cn([4*])c2cc(F)ccc12,[H],[OH],[H],[H],,,"1:backbone_n,2:backbone_c,3:backbone_n_mod,4:aromatic_nh",canonical-sites-v1,,,,,modified
D_b3hMet,CSCC[C@@H](N)CC(=O)O,D-beta3-homomethionine,aa,,[1*]N([3*])[C@H](CCSC)CC([2*])=O,[H],[OH],[H],,,,"1:backbone_n,2:backbone_c,3:backbone_n_mod",canonical-sites-v1,,,,,modified
D_b3hNva,CCC[C@@H](N)CC(=O)O,D-beta3-homonorvaline,aa,,[1*]N([3*])[C@H](CCC)CC([2*])=O,[H],[OH],[H],,,,"1:backbone_n,2:backbone_c,3:backbone_n_mod",canonical-sites-v1,,,,,modified
D_b3hCha,N[C@@H](CC(=O)O)CC1CCCCC1,D-beta3-homocyclohexylalanine,aa,,[1*]N([3*])[C@@H](CC([2*])=O)CC1CCCCC1,[H],[OH],[H],,,,"1:backbone_n,2:backbone_c,3:backbone_n_mod",canonical-sites-v1,,,,,modified
D_b3hChg,N[C@@H](CC(=O)O)C1CCCCC1,D-beta3-homocyclohexylglycine,aa,,[1*]N([3*])[C@@H](CC([2*])=O)C1CCCCC1,[H],[OH],[H],,,,"1:backbone_n,2:backbone_c,3:backbone_n_mod",canonical-sites-v1,,,,,modified
D_b3h1Nal,N[C@@H](CC(=O)O)Cc1cccc2ccccc12,D-beta3-homo-1-naphthylalanine,aa,,[1*]N([3*])[C@@H](CC([2*])=O)Cc1cccc2ccccc12,[H],[OH],[H],,,,"1:backbone_n,2:backbone_c,3:backbone_n_mod",canonical-sites-v1,,,,,modified
D_b3h2Nal,N[C@@H](CC(=O)O)Cc1ccc2ccccc2c1,D-beta3-homo-2-naphthylalanine,aa,,[1*]N([3*])[C@@H](CC([2*])=O)Cc1ccc2ccccc2c1,[H],[OH],[H],,,,"1:backbone_n,2:backbone_c,3:backbone_n_mod",canonical-sites-v1,,,,,modified
D_b3hAsn,NC(=O)C[C@@H](N)CC(=O)O,D-beta3-homoasparagine,aa,,[1*]N([3*])[C@@H](CC([2*])=O)CC(=O)N([4*])[5*],[H],[OH],[H],[H],[H],,"1:backbone_n,2:backbone_c,3:backbone_n_mod,4:amide_nh,5:amide_nh",canonical-sites-v1,,,,,modified
D_b3hGln,NC(=O)CC[C@@H](N)CC(=O)O,D-beta3-homoglutamine,aa,,[1*]N([3*])[C@H](CCC(=O)N([4*])[5*])CC([2*])=O,[H],[OH],[H],[H],[H],,"1:backbone_n,2:backbone_c,3:backbone_n_mod,4:amide_nh,5:amide_nh",canonical-sites-v1,,,,,modified
D_b3hHis,N[C@@H](CC(=O)O)Cc1cnc[nH]1,D-beta3-homohistidine,aa,,[1*]N([3*])[C@@H](CC([2*])=O)Cc1cncn1[4*],[H],[OH],[H],[H],,,"1:backbone_n,2:backbone_c,3:backbone_n_mod,4:aromatic_nh",canonical-sites-v1,,,,,modified
b3hPhe_4CN,N#Cc1ccc(C[C@H](N)CC(=O)O)cc1,L-beta3-homo-4-cyanophenylalanine,aa,,[1*]N([3*])[C@H](CC([2*])=O)Cc1ccc(C#N)cc1,[H],[OH],[H],,,,"1:backbone_n,2:backbone_c,3:backbone_n_mod",canonical-sites-v1,,,,,modified
D_b3hPhe_4CN,N#Cc1ccc(C[C@@H](N)CC(=O)O)cc1,D-beta3-homo-4-cyanophenylalanine,aa,,[1*]N([3*])[C@@H](CC([2*])=O)Cc1ccc(C#N)cc1,[H],[OH],[H],,,,"1:backbone_n,2:backbone_c,3:backbone_n_mod",canonical-sites-v1,,,,,modified
b3hPhe_4CF3,N[C@H](CC(=O)O)Cc1ccc(C(F)(F)F)cc1,L-beta3-homo-4-(trifluoromethyl)phenylalanine,aa,,[1*]N([3*])[C@H](CC([2*])=O)Cc1ccc(C(F)(F)F)cc1,[H],[OH],[H],,,,"1:backbone_n,2:backbone_c,3:backbone_n_mod",canonical-sites-v1,,,,,modified
D_b3hPhe_4CF3,N[C@@H](CC(=O)O)Cc1ccc(C(F)(F)F)cc1,D-beta3-homo-4-(trifluoromethyl)phenylalanine,aa,,[1*]N([3*])[C@@H](CC([2*])=O)Cc1ccc(C(F)(F)F)cc1,[H],[OH],[H],,,,"1:backbone_n,2:backbone_c,3:backbone_n_mod",canonical-sites-v1,,,,,modified
b3hPhe_4Me,Cc1ccc(C[C@H](N)CC(=O)O)cc1,L-beta3-homo-4-methylphenylalanine,aa,,[1*]N([3*])[C@H](CC([2*])=O)Cc1ccc(C)cc1,[H],[OH],[H],,,,"1:backbone_n,2:backbone_c,3:backbone_n_mod",canonical-sites-v1,,,,,modified
D_b3hPhe_4Me,Cc1ccc(C[C@@H](N)CC(=O)O)cc1,D-beta3-homo-4-methylphenylalanine,aa,,[1*]N([3*])[C@@H](CC([2*])=O)Cc1ccc(C)cc1,[H],[OH],[H],,,,"1:backbone_n,2:backbone_c,3:backbone_n_mod",canonical-sites-v1,,,,,modified
b3hPhe_4NO2,N[C@H](CC(=O)O)Cc1ccc([N+](=O)[O-])cc1,L-beta3-homo-4-nitrophenylalanine,aa,,[1*]N([3*])[C@H](CC([2*])=O)Cc1ccc([N+](=O)[O-])cc1,[H],[OH],[H],,,,"1:backbone_n,2:backbone_c,3:backbone_n_mod",canonical-sites-v1,,,,,modified
D_b3hPhe_4NO2,N[C@@H](CC(=O)O)Cc1ccc([N+](=O)[O-])cc1,D-beta3-homo-4-nitrophenylalanine,aa,,[1*]N([3*])[C@@H](CC([2*])=O)Cc1ccc([N+](=O)[O-])cc1,[H],[OH],[H],,,,"1:backbone_n,2:backbone_c,3:backbone_n_mod",canonical-sites-v1,,,,,modified
b3hPhe_4NH2,Nc1ccc(C[C@H](N)CC(=O)O)cc1,L-beta3-homo-4-aminophenylalanine,aa,,[1*]N([3*])[C@H](CC([2*])=O)Cc1ccc(N([4*])[5*])cc1,[H],[OH],[H],[H],[H],,"1:backbone_n,2:backbone_c,3:backbone_n_mod,4:amine_primary,5:amine_primary",canonical-sites-v1,,,,,modified
D_b3hPhe_4NH2,Nc1ccc(C[C@@H](N)CC(=O)O)cc1,D-beta3-homo-4-aminophenylalanine,aa,,[1*]N([3*])[C@@H](CC([2*])=O)Cc1ccc(N([4*])[5*])cc1,[H],[OH],[H],[H],[H],,"1:backbone_n,2:backbone_c,3:backbone_n_mod,4:amine_primary,5:amine_primary",canonical-sites-v1,,,,,modified
b3hPhe_4I,N[C@H](CC(=O)O)Cc1ccc(I)cc1,L-beta3-homo-4-iodophenylalanine,aa,,[1*]N([3*])[C@H](CC([2*])=O)Cc1ccc(I)cc1,[H],[OH],[H],,,,"1:backbone_n,2:backbone_c,3:backbone_n_mod",canonical-sites-v1,,,,,modified
D_b3hPhe_4I,N[C@@H](CC(=O)O)Cc1ccc(I)cc1,D-beta3-homo-4-iodophenylalanine,aa,,[1*]N([3*])[C@@H](CC([2*])=O)Cc1ccc(I)cc1,[H],[OH],[H],,,,"1:backbone_n,2:backbone_c,3:backbone_n_mod",canonical-sites-v1,,,,,modified
b3h3Pal,N[C@H](CC(=O)O)Cc1cccnc1,L-beta3-homo-3-pyridylalanine,aa,,[1*]N([3*])[C@H](CC([2*])=O)Cc1cccnc1,[H],[OH],[H],,,,"1:backbone_n,2:backbone_c,3:backbone_n_mod",canonical-sites-v1,,,,,modified
D_b3h3Pal,N[C@@H](CC(=O)O)Cc1cccnc1,D-beta3-homo-3-pyridylalanine,aa,,[1*]N([3*])[C@@H](CC([2*])=O)Cc1cccnc1,[H],[OH],[H],,,,"1:backbone_n,2:backbone_c,3:backbone_n_mod",canonical-sites-v1,,,,,modified
b3h4Pal,N[C@H](CC(=O)O)Cc1ccncc1,L-beta3-homo-4-pyridylalanine,aa,,[1*]N([3*])[C@H](CC([2*])=O)Cc1ccncc1,[H],[OH],[H],,,,"1:backbone_n,2:backbone_c,3:backbone_n_mod",canonical-sites-v1,,,,,modified
D_b3h4Pal,N[C@@H](CC(=O)O)Cc1ccncc1,D-beta3-homo-4-pyridylalanine,aa,,[1*]N([3*])[C@@H](CC([2*])=O)Cc1ccncc1,[H],[OH],[H],,,,"1:backbone_n,2:backbone_c,3:backbone_n_mod",canonical-sites-v1,,,,,modified
b3hOrn,NCCC[C@H](N)CC(=O)O,L-beta3-homoornithine,aa,,[1*]N([3*])[C@@H](CCCN([4*])[5*])CC([2*])=O,[H],[OH],[H],[H],[H],,"1:backbone_n,2:backbone_c,3:backbone_n_mod,4:amine_primary,5:amine_primary",canonical-sites-v1,,,,,modified
D_b3hOrn,NCCC[C@@H](N)CC(=O)O,D-beta3-homoornithine,aa,,[1*]N([3*])[C@H](CCCN([4*])[5*])CC([2*])=O,[H],[OH],[H],[H],[H],,"1:backbone_n,2:backbone_c,3:backbone_n_mod,4:amine_primary,5:amine_primary",canonical-sites-v1,,,,,modified
b3hDab,NCC[C@H](N)CC(=O)O,"L-beta3-homo-2,4-diaminobutyric acid",aa,,[1*]N([3*])[C@@H](CCN([4*])[5*])CC([2*])=O,[H],[OH],[H],[H],[H],,"1:backbone_n,2:backbone_c,3:backbone_n_mod,4:amine_primary,5:amine_primary",canonical-sites-v1,,,,,modified
D_b3hDab,NCC[C@@H](N)CC(=O)O,"D-beta3-homo-2,4-diaminobutyric acid",aa,,[1*]N([3*])[C@H](CCN([4*])[5*])CC([2*])=O,[H],[OH],[H],[H],[H],,"1:backbone_n,2:backbone_c,3:backbone_n_mod,4:amine_primary,5:amine_primary",canonical-sites-v1,,,,,modified
b3hDap,NC[C@H](N)CC(=O)O,"L-beta3-homo-2,3-diaminopropionic acid",aa,,[1*]N([3*])[C@H](CC([2*])=O)CN([4*])[5*],[H],[OH],[H],[H],[H],,"1:backbone_n,2:backbone_c,3:backbone_n_mod,4:amine_primary,5:amine_primary",canonical-sites-v1,,,,,modified
D_b3hDap,NC[C@@H](N)CC(=O)O,"D-beta3-homo-2,3-diaminopropionic acid",aa,,[1*]N([3*])[C@@H](CC([2*])=O)CN([4*])[5*],[H],[OH],[H],[H],[H],,"1:backbone_n,2:backbone_c,3:backbone_n_mod,4:amine_primary,5:amine_primary",canonical-sites-v1,,,,,modified
SeM,C[Se]CC[C@H](N)C(=O)O,L-selenomethionine,aa,,[1*]N([3*])[C@@H](CC[Se]C)C([2*])=O,[H],[OH],[H],,,,"1:backbone_n,2:backbone_c,3:backbone_n_mod",canonical-sites-v1,,,,,modified
D_SeM,C[Se]CC[C@@H](N)C(=O)O,D-selenomethionine,aa,,[1*]N([3*])[C@H](CC[Se]C)C([2*])=O,[H],[OH],[H],,,,"1:backbone_n,2:backbone_c,3:backbone_n_mod",canonical-sites-v1,,,,,modified
VinGly,C=C[C@H](N)C(=O)O,L-vinylglycine (2-amino-3-butenoic acid),aa,,[1*]N([3*])[C@@H](C([4*])=C)C([2*])=O,[H],[OH],[H],[H],,,"1:backbone_n,2:backbone_c,3:backbone_n_mod,4:terminal_alkene",canonical-sites-v1,,,,,modified
D_VinGly,C=C[C@@H](N)C(=O)O,D-vinylglycine,aa,,[1*]N([3*])[C@H](C([4*])=C)C([2*])=O,[H],[OH],[H],[H],,,"1:backbone_n,2:backbone_c,3:backbone_n_mod,4:terminal_alkene",canonical-sites-v1,,,,,modified
HPG,C#CCC[C@H](N)C(=O)O,L-homopropargylglycine (2-amino-5-hexynoic acid),aa,,[1*]N([3*])[C@@H](CC([4*])C#C)C([2*])=O,[H],[OH],[H],[H],,,"1:backbone_n,2:backbone_c,3:backbone_n_mod,4:alkyne_c",canonical-sites-v1,,,,,modified
D_HPG,C#CCC[C@@H](N)C(=O)O,D-homopropargylglycine,aa,,[1*]N([3*])[C@H](CC([4*])C#C)C([2*])=O,[H],[OH],[H],[H],,,"1:backbone_n,2:backbone_c,3:backbone_n_mod,4:alkyne_c",canonical-sites-v1,,,,,modified
Cys_Prg,C#CCSC[C@H](N)C(=O)O,L-S-propargylcysteine,aa,,[1*]N([3*])[C@@H](CSC([4*])C#C)C([2*])=O,[H],[OH],[H],[H],,,"1:backbone_n,2:backbone_c,3:backbone_n_mod,4:alkyne_c",canonical-sites-v1,,,,,modified
D_Cys_Prg,C#CCSC[C@@H](N)C(=O)O,D-S-propargylcysteine,aa,,[1*]N([3*])[C@H](CSC([4*])C#C)C([2*])=O,[H],[OH],[H],[H],,,"1:backbone_n,2:backbone_c,3:backbone_n_mod,4:alkyne_c",canonical-sites-v1,,,,,modified
Ala_3Br,N[C@@H](CBr)C(=O)O,L-beta-bromoalanine,aa,,[1*]N([3*])[C@@H](C[4*])C([2*])=O,[H],[OH],[H],[Br],,,"1:backbone_n,2:backbone_c,3:backbone_n_mod,4:alkyl_halide_c",canonical-sites-v1,,,,,modified
D_Ala_3Br,N[C@H](CBr)C(=O)O,D-beta-bromoalanine,aa,,[1*]N([3*])[C@H](C[4*])C([2*])=O,[H],[OH],[H],[Br],,,"1:backbone_n,2:backbone_c,3:backbone_n_mod,4:alkyl_halide_c",canonical-sites-v1,,,,,modified
Ala_3Cl,N[C@@H](CCl)C(=O)O,L-beta-chloroalanine,aa,,[1*]N([3*])[C@@H](C[4*])C([2*])=O,[H],[OH],[H],[Cl],,,"1:backbone_n,2:backbone_c,3:backbone_n_mod,4:alkyl_halide_c",canonical-sites-v1,,,,,modified
D_Ala_3Cl,N[C@H](CCl)C(=O)O,D-beta-chloroalanine,aa,,[1*]N([3*])[C@H](C[4*])C([2*])=O,[H],[OH],[H],[Cl],,,"1:backbone_n,2:backbone_c,3:backbone_n_mod,4:alkyl_halide_c",canonical-sites-v1,,,,,modified
Phe_3I,N[C@@H](Cc1cccc(I)c1)C(=O)O,L-3-iodophenylalanine,aa,,[1*]N([3*])[C@@H](Cc1cccc(I)c1)C([2*])=O,[H],[OH],[H],,,,"1:backbone_n,2:backbone_c,3:backbone_n_mod",canonical-sites-v1,,,,,modified
D_Phe_3I,N[C@H](Cc1cccc(I)c1)C(=O)O,D-3-iodophenylalanine,aa,,[1*]N([3*])[C@H](Cc1cccc(I)c1)C([2*])=O,[H],[OH],[H],,,,"1:backbone_n,2:backbone_c,3:backbone_n_mod",canonical-sites-v1,,,,,modified
Pro_4OAc,CC(=O)O[C@@H]1CN[C@H](C(=O)O)C1,L-trans-4-acetoxypyrrolidine-2-carboxylic acid,aa,,[1*]N1C[C@@H](OC(C)=O)C[C@H]1C([2*])=O,[H],[OH],,,,,"1:backbone_n,2:backbone_c",canonical-sites-v1,,,,,modified
D_Pro_4OAc,CC(=O)O[C@@H]1CN[C@@H](C(=O)O)C1,D-trans-4-acetoxypyrrolidine-2-carboxylic acid,aa,,[1*]N1C[C@@H](OC(C)=O)C[C@@H]1C([2*])=O,[H],[OH],,,,,"1:backbone_n,2:backbone_c",canonical-sites-v1,,,,,modified
D_Pro_3OH_c,O=C(O)[C@H]1C[C@@H](O)CN1,D-cis-3-hydroxypyrrolidine-2-carboxylic acid,aa,,[1*]N1C[C@H](O[4*])C[C@@H]1C([2*])=O,[H],[OH],,[H],,,"1:backbone_n,2:backbone_c,4:hydroxyl",canonical-sites-v1,,,,,modified
D_Pro_3OH_t,O=C(O)[C@H]1C[C@H](O)CN1,D-trans-3-hydroxypyrrolidine-2-carboxylic acid,aa,,[1*]N1C[C@@H](O[4*])C[C@@H]1C([2*])=O,[H],[OH],,[H],,,"1:backbone_n,2:backbone_c,4:hydroxyl",canonical-sites-v1,,,,,modified
D_Pro_4Me3OH,CC1CN[C@@H](C(=O)O)C1O,D-4-methyl-4-hydroxyproline,aa,,[1*]N1CC(C)C(O[4*])[C@@H]1C([2*])=O,[H],[OH],,[H],,,"1:backbone_n,2:backbone_c,4:hydroxyl",canonical-sites-v1,,,,,modified
D_Aze,O=C(O)[C@H]1CCN1,D-azetidine-2-carboxylic acid,aa,,[1*]N1CC[C@@H]1C([2*])=O,[H],[OH],,,,,"1:backbone_n,2:backbone_c",canonical-sites-v1,,,,,modified
hTyr,N[C@@H](CCc1ccc(O)cc1)C(=O)O,L-homotyrosine,aa,,[1*]N([3*])[C@@H](CCc1ccc(O[4*])cc1)C([2*])=O,[H],[OH],[H],[H],,,"1:backbone_n,2:backbone_c,3:backbone_n_mod,4:aryl_phenol_o",canonical-sites-v1,,,,,modified
D_hTyr,N[C@H](CCc1ccc(O)cc1)C(=O)O,D-homotyrosine,aa,,[1*]N([3*])[C@H](CCc1ccc(O[4*])cc1)C([2*])=O,[H],[OH],[H],[H],,,"1:backbone_n,2:backbone_c,3:backbone_n_mod,4:aryl_phenol_o",canonical-sites-v1,,,,,modified
D_hTrp,N[C@H](CCc1c[nH]c2ccccc12)C(=O)O,D-homotryptophan,aa,,[1*]N([3*])[C@H](CCc1cn([4*])c2ccccc12)C([2*])=O,[H],[OH],[H],[H],,,"1:backbone_n,2:backbone_c,3:backbone_n_mod,4:aromatic_nh",canonical-sites-v1,,,,,modified
D_hHis,N[C@H](CCc1c[nH]cn1)C(=O)O,D-homohistidine,aa,,[1*]N([3*])[C@H](CCc1cn([4*])cn1)C([2*])=O,[H],[OH],[H],[H],,,"1:backbone_n,2:backbone_c,3:backbone_n_mod,4:aromatic_nh",canonical-sites-v1,,,,,modified
hThr,C[C@@H](O)C[C@H](N)C(=O)O,L-homothreonine,aa,,[1*]N([3*])[C@@H](C[C@@H](C)O[4*])C([2*])=O,[H],[OH],[H],[H],,,"1:backbone_n,2:backbone_c,3:backbone_n_mod,4:hydroxyl",canonical-sites-v1,,,,,modified
D_hThr,C[C@@H](O)C[C@@H](N)C(=O)O,D-homothreonine,aa,,[1*]N([3*])[C@H](C[C@@H](C)O[4*])C([2*])=O,[H],[OH],[H],[H],,,"1:backbone_n,2:backbone_c,3:backbone_n_mod,4:hydroxyl",canonical-sites-v1,,,,,modified
hCha,N[C@@H](CCC1CCCCC1)C(=O)O,L-homo-cyclohexylalanine,aa,,[1*]N([3*])[C@@H](CCC1CCCCC1)C([2*])=O,[H],[OH],[H],,,,"1:backbone_n,2:backbone_c,3:backbone_n_mod",canonical-sites-v1,,,,,modified
D_hCha,N[C@H](CCC1CCCCC1)C(=O)O,D-homo-cyclohexylalanine,aa,,[1*]N([3*])[C@H](CCC1CCCCC1)C([2*])=O,[H],[OH],[H],,,,"1:backbone_n,2:backbone_c,3:backbone_n_mod",canonical-sites-v1,,,,,modified
bAbu,C[C@H](N)CC(=O)O,L-3-aminobutyric acid (beta-aminobutyric acid),aa,,[1*]N([3*])[C@@H](C)CC([2*])=O,[H],[OH],[H],,,,"1:backbone_n,2:backbone_c,3:backbone_n_mod",canonical-sites-v1,,,,,modified
S4,C=CCC[C@](C)(N)C(=O)O,(S)-alpha-methyl-4-pentenylglycine (RCM staple),aa,,[1*]N([3*])[C@@](C)(CCC([4*])=C)C([2*])=O,[H],[OH],[H],[H],,,"1:backbone_n,2:backbone_c,3:backbone_n_mod,4:terminal_alkene",canonical-sites-v1,,,,,modified
R4,C=CCC[C@@](C)(N)C(=O)O,(R)-alpha-methyl-4-pentenylglycine (RCM staple),aa,,[1*]N([3*])[C@](C)(CCC([4*])=C)C([2*])=O,[H],[OH],[H],[H],,,"1:backbone_n,2:backbone_c,3:backbone_n_mod,4:terminal_alkene",canonical-sites-v1,,,,,modified
S6,C=CCCCC[C@](C)(N)C(=O)O,(S)-alpha-methyl-6-heptenylglycine (RCM staple),aa,,[1*]N([3*])[C@@](C)(CCCCC([4*])=C)C([2*])=O,[H],[OH],[H],[H],,,"1:backbone_n,2:backbone_c,3:backbone_n_mod,4:terminal_alkene",canonical-sites-v1,,,,,modified
R6,C=CCCCC[C@@](C)(N)C(=O)O,(R)-alpha-methyl-6-heptenylglycine (RCM staple),aa,,[1*]N([3*])[C@](C)(CCCCC([4*])=C)C([2*])=O,[H],[OH],[H],[H],,,"1:backbone_n,2:backbone_c,3:backbone_n_mod,4:terminal_alkene",canonical-sites-v1,,,,,modified
OctCap,CCCCCCCC(=O)O,Octanoyl cap (C8),cap,,[2*]C(=O)CCCCCCC,,[OH],,,,,2:backbone_c,canonical-sites-v1,,,,,cap
DecCap,CCCCCCCCCC(=O)O,Decanoyl cap (C10),cap,,[2*]C(=O)CCCCCCCCC,,[OH],,,,,2:backbone_c,canonical-sites-v1,,,,,cap
IsoButCap,CC(C)CC(=O)O,3-methylbutanoyl (isovaleryl) cap,cap,,[2*]C(=O)CC(C)C,,[OH],,,,,2:backbone_c,canonical-sites-v1,,,,,cap
PivCap,CC(C)(C)C(=O)O,Pivaloyl (trimethylacetyl) cap,cap,,[2*]C(=O)C(C)(C)C,,[OH],,,,,2:backbone_c,canonical-sites-v1,,,,,cap
CyclohexCap,O=C(O)C1CCCCC1,Cyclohexanecarbonyl cap,cap,,[2*]C(=O)C1CCCCC1,,[OH],,,,,2:backbone_c,canonical-sites-v1,,,,,cap
BnCap,O=C(O)Cc1ccccc1,Phenylacetyl (benzyl carbonyl) cap,cap,,[2*]C(=O)Cc1ccccc1,,[OH],,,,,2:backbone_c,canonical-sites-v1,,,,,cap
NaphtCap,O=C(O)c1ccc2ccccc2c1,2-Naphthoyl cap,cap,,[2*]C(=O)c1ccc2ccccc2c1,,[OH],,,,,2:backbone_c,canonical-sites-v1,,,,,cap
MyrCap,CCCCCCCCCCCCCC(=O)O,Myristoyl cap (C14),cap,,[2*]C(=O)CCCCCCCCCCCCC,,[OH],,,,,2:backbone_c,canonical-sites-v1,,,,,cap
PalCap,CCCCCCCCCCCCCCCC(=O)O,Palmitoyl cap (C16),cap,,[2*]C(=O)CCCCCCCCCCCCCCC,,[OH],,,,,2:backbone_c,canonical-sites-v1,,,,,cap
BzCap,O=C(O)c1ccccc1,Benzoyl cap,cap,,[2*]C(=O)c1ccccc1,,[OH],,,,,2:backbone_c,canonical-sites-v1,,,,,cap
mePhe_3Cl,CN[C@@H](Cc1cccc(Cl)c1)C(=O)O,NMe-L-3-chlorophenylalanine,aa,,[1*]N(C)[C@@H](Cc1cccc(Cl)c1)C([2*])=O,[H],[OH],,,,,"1:backbone_n,2:backbone_c",canonical-sites-v1,,,,,modified
D_mePhe_3Cl,CN[C@H](Cc1cccc(Cl)c1)C(=O)O,NMe-D-3-chlorophenylalanine,aa,,[1*]N(C)[C@H](Cc1cccc(Cl)c1)C([2*])=O,[H],[OH],,,,,"1:backbone_n,2:backbone_c",canonical-sites-v1,,,,,modified
mePhe_3Br,CN[C@@H](Cc1cccc(Br)c1)C(=O)O,NMe-L-3-bromophenylalanine,aa,,[1*]N(C)[C@@H](Cc1cccc(Br)c1)C([2*])=O,[H],[OH],,,,,"1:backbone_n,2:backbone_c",canonical-sites-v1,,,,,modified
D_mePhe_3Br,CN[C@H](Cc1cccc(Br)c1)C(=O)O,NMe-D-3-bromophenylalanine,aa,,[1*]N(C)[C@H](Cc1cccc(Br)c1)C([2*])=O,[H],[OH],,,,,"1:backbone_n,2:backbone_c",canonical-sites-v1,,,,,modified
mePhe_34diOMe,CN[C@@H](Cc1ccc(OC)cc1OC)C(=O)O,"NMe-L-3,4-dimethoxyphenylalanine",aa,,[1*]N(C)[C@@H](Cc1ccc(OC)cc1OC)C([2*])=O,[H],[OH],,,,,"1:backbone_n,2:backbone_c",canonical-sites-v1,,,,,modified
D_mePhe_34diOMe,CN[C@H](Cc1ccc(OC)cc1OC)C(=O)O,"NMe-D-3,4-dimethoxyphenylalanine",aa,,[1*]N(C)[C@H](Cc1ccc(OC)cc1OC)C([2*])=O,[H],[OH],,,,,"1:backbone_n,2:backbone_c",canonical-sites-v1,,,,,modified
mePhe_4iPr,CN[C@@H](Cc1ccc(C(C)C)cc1)C(=O)O,NMe-L-4-isopropylphenylalanine,aa,,[1*]N(C)[C@@H](Cc1ccc(C(C)C)cc1)C([2*])=O,[H],[OH],,,,,"1:backbone_n,2:backbone_c",canonical-sites-v1,,,,,modified
D_mePhe_4iPr,CN[C@H](Cc1ccc(C(C)C)cc1)C(=O)O,NMe-D-4-isopropylphenylalanine,aa,,[1*]N(C)[C@H](Cc1ccc(C(C)C)cc1)C([2*])=O,[H],[OH],,,,,"1:backbone_n,2:backbone_c",canonical-sites-v1,,,,,modified
mePhe_2OMe,CN[C@@H](Cc1ccccc1OC)C(=O)O,NMe-L-2-methoxyphenylalanine,aa,,[1*]N(C)[C@@H](Cc1ccccc1OC)C([2*])=O,[H],[OH],,,,,"1:backbone_n,2:backbone_c",canonical-sites-v1,,,,,modified
D_mePhe_2OMe,CN[C@H](Cc1ccccc1OC)C(=O)O,NMe-D-2-methoxyphenylalanine,aa,,[1*]N(C)[C@H](Cc1ccccc1OC)C([2*])=O,[H],[OH],,,,,"1:backbone_n,2:backbone_c",canonical-sites-v1,,,,,modified
mePhe_2Me,CN[C@@H](Cc1ccccc1C)C(=O)O,NMe-L-2-methylphenylalanine,aa,,[1*]N(C)[C@@H](Cc1ccccc1C)C([2*])=O,[H],[OH],,,,,"1:backbone_n,2:backbone_c",canonical-sites-v1,,,,,modified
D_mePhe_2Me,CN[C@H](Cc1ccccc1C)C(=O)O,NMe-D-2-methylphenylalanine,aa,,[1*]N(C)[C@H](Cc1ccccc1C)C([2*])=O,[H],[OH],,,,,"1:backbone_n,2:backbone_c",canonical-sites-v1,,,,,modified
mePhe_4NMe2,CN[C@@H](Cc1ccc(N(C)C)cc1)C(=O)O,NMe-L-4-dimethylaminophenylalanine,aa,,[1*]N(C)[C@@H](Cc1ccc(N(C)C)cc1)C([2*])=O,[H],[OH],,,,,"1:backbone_n,2:backbone_c",canonical-sites-v1,,,,,modified
D_mePhe_4NMe2,CN[C@H](Cc1ccc(N(C)C)cc1)C(=O)O,NMe-D-4-dimethylaminophenylalanine,aa,,[1*]N(C)[C@H](Cc1ccc(N(C)C)cc1)C([2*])=O,[H],[OH],,,,,"1:backbone_n,2:backbone_c",canonical-sites-v1,,,,,modified
meTrp_6F,CN[C@@H](Cc1c[nH]c2ccc(F)cc12)C(=O)O,NMe-L-6-fluorotryptophan,aa,,[1*]N(C)[C@@H](Cc1cn([4*])c2ccc(F)cc12)C([2*])=O,[H],[OH],,[H],,,"1:backbone_n,2:backbone_c,4:aromatic_nh",canonical-sites-v1,,,,,modified
D_meTrp_6F,CN[C@H](Cc1c[nH]c2ccc(F)cc12)C(=O)O,NMe-D-6-fluorotryptophan,aa,,[1*]N(C)[C@H](Cc1cn([4*])c2ccc(F)cc12)C([2*])=O,[H],[OH],,[H],,,"1:backbone_n,2:backbone_c,4:aromatic_nh",canonical-sites-v1,,,,,modified
meTyr_3I,CN[C@@H](Cc1cc(I)ccc1O)C(=O)O,NMe-L-3-iodotyrosine,aa,,[1*]N(C)[C@@H](Cc1cc(I)ccc1O[4*])C([2*])=O,[H],[OH],,[H],,,"1:backbone_n,2:backbone_c,4:aryl_phenol_o",canonical-sites-v1,,,,,modified
D_meTyr_3I,CN[C@H](Cc1cc(I)ccc1O)C(=O)O,NMe-D-3-iodotyrosine,aa,,[1*]N(C)[C@H](Cc1cc(I)ccc1O[4*])C([2*])=O,[H],[OH],,[H],,,"1:backbone_n,2:backbone_c,4:aryl_phenol_o",canonical-sites-v1,,,,,modified
D_bAbu,C[C@@H](N)CC(=O)O,D-3-aminobutyric acid (D-beta-aminobutyric acid),aa,,[1*]N([3*])[C@H](C)CC([2*])=O,[H],[OH],[H],,,,"1:backbone_n,2:backbone_c,3:backbone_n_mod",canonical-sites-v1,,,,,modified
hGlu,N[C@@H](CCCC(=O)O)C(=O)O,L-homoglutamate (2-aminoadipic acid),aa,,[1*]N([3*])[C@@H](CCCC([4*])=O)C([2*])=O,[H],[OH],[H],[OH],,,"1:backbone_n,2:backbone_c,3:backbone_n_mod,4:carboxyl",canonical-sites-v1,,,,,modified
D_hGlu,N[C@H](CCCC(=O)O)C(=O)O,D-homoglutamate,aa,,[1*]N([3*])[C@H](CCCC([4*])=O)C([2*])=O,[H],[OH],[H],[OH],,,"1:backbone_n,2:backbone_c,3:backbone_n_mod,4:carboxyl",canonical-sites-v1,,,,,modified
hTrp_5F,N[C@@H](CCc1c[nH]c2cc(F)ccc12)C(=O)O,L-homo-5-fluorotryptophan,aa,,[1*]N([3*])[C@@H](CCc1cn([4*])c2cc(F)ccc12)C([2*])=O,[H],[OH],[H],[H],,,"1:backbone_n,2:backbone_c,3:backbone_n_mod,4:aromatic_nh",canonical-sites-v1,,,,,modified
D_hTrp_5F,N[C@H](CCc1c[nH]c2cc(F)ccc12)C(=O)O,D-homo-5-fluorotryptophan,aa,,[1*]N([3*])[C@H](CCc1cn([4*])c2cc(F)ccc12)C([2*])=O,[H],[OH],[H],[H],,,"1:backbone_n,2:backbone_c,3:backbone_n_mod,4:aromatic_nh",canonical-sites-v1,,,,,modified
aMePhe_4NO2,C[C@](N)(Cc1ccc([N+](=O)[O-])cc1)C(=O)O,L-alpha-methyl-4-nitrophenylalanine,aa,,[1*]N([3*])[C@@](C)(Cc1ccc([N+](=O)[O-])cc1)C([2*])=O,[H],[OH],[H],,,,"1:backbone_n,2:backbone_c,3:backbone_n_mod",canonical-sites-v1,,,,,modified
D_aMePhe_4NO2,C[C@@](N)(Cc1ccc([N+](=O)[O-])cc1)C(=O)O,D-alpha-methyl-4-nitrophenylalanine,aa,,[1*]N([3*])[C@](C)(Cc1ccc([N+](=O)[O-])cc1)C([2*])=O,[H],[OH],[H],,,,"1:backbone_n,2:backbone_c,3:backbone_n_mod",canonical-sites-v1,,,,,modified
aMePhe_4NH2,C[C@](N)(Cc1ccc(N)cc1)C(=O)O,L-alpha-methyl-4-aminophenylalanine,aa,,[1*]N([3*])[C@@](C)(Cc1ccc(N([4*])[5*])cc1)C([2*])=O,[H],[OH],[H],[H],[H],,"1:backbone_n,2:backbone_c,3:backbone_n_mod,4:amine_primary,5:amine_primary",canonical-sites-v1,,,,,modified
D_aMePhe_4NH2,C[C@@](N)(Cc1ccc(N)cc1)C(=O)O,D-alpha-methyl-4-aminophenylalanine,aa,,[1*]N([3*])[C@](C)(Cc1ccc(N([4*])[5*])cc1)C([2*])=O,[H],[OH],[H],[H],[H],,"1:backbone_n,2:backbone_c,3:backbone_n_mod,4:amine_primary,5:amine_primary",canonical-sites-v1,,,,,modified
b3hPhe_2F,N[C@H](CC(=O)O)Cc1ccccc1F,L-beta3-homo-2-fluorophenylalanine,aa,,[1*]N([3*])[C@H](CC([2*])=O)Cc1ccccc1F,[H],[OH],[H],,,,"1:backbone_n,2:backbone_c,3:backbone_n_mod",canonical-sites-v1,,,,,modified
D_b3hPhe_2F,N[C@@H](CC(=O)O)Cc1ccccc1F,D-beta3-homo-2-fluorophenylalanine,aa,,[1*]N([3*])[C@@H](CC([2*])=O)Cc1ccccc1F,[H],[OH],[H],,,,"1:backbone_n,2:backbone_c,3:backbone_n_mod",canonical-sites-v1,,,,,modified
b3hPhe_3F,N[C@H](CC(=O)O)Cc1cccc(F)c1,L-beta3-homo-3-fluorophenylalanine,aa,,[1*]N([3*])[C@H](CC([2*])=O)Cc1cccc(F)c1,[H],[OH],[H],,,,"1:backbone_n,2:backbone_c,3:backbone_n_mod",canonical-sites-v1,,,,,modified
D_b3hPhe_3F,N[C@@H](CC(=O)O)Cc1cccc(F)c1,D-beta3-homo-3-fluorophenylalanine,aa,,[1*]N([3*])[C@@H](CC([2*])=O)Cc1cccc(F)c1,[H],[OH],[H],,,,"1:backbone_n,2:backbone_c,3:backbone_n_mod",canonical-sites-v1,,,,,modified
mePhe_35diF,CN[C@@H](Cc1cc(F)cc(F)c1)C(=O)O,"NMe-L-3,5-difluorophenylalanine",aa,,[1*]N(C)[C@@H](Cc1cc(F)cc(F)c1)C([2*])=O,[H],[OH],,,,,"1:backbone_n,2:backbone_c",canonical-sites-v1,,,,,modified
D_mePhe_35diF,CN[C@H](Cc1cc(F)cc(F)c1)C(=O)O,"NMe-D-3,5-difluorophenylalanine",aa,,[1*]N(C)[C@H](Cc1cc(F)cc(F)c1)C([2*])=O,[H],[OH],,,,,"1:backbone_n,2:backbone_c",canonical-sites-v1,,,,,modified
mePhe_34diCl,CN[C@@H](Cc1ccc(Cl)c(Cl)c1)C(=O)O,"NMe-L-3,4-dichlorophenylalanine",aa,,[1*]N(C)[C@@H](Cc1ccc(Cl)c(Cl)c1)C([2*])=O,[H],[OH],,,,,"1:backbone_n,2:backbone_c",canonical-sites-v1,,,,,modified
D_mePhe_34diCl,CN[C@H](Cc1ccc(Cl)c(Cl)c1)C(=O)O,"NMe-D-3,4-dichlorophenylalanine",aa,,[1*]N(C)[C@H](Cc1ccc(Cl)c(Cl)c1)C([2*])=O,[H],[OH],,,,,"1:backbone_n,2:backbone_c",canonical-sites-v1,,,,,modified
aMeTrp_5Br,C[C@](N)(Cc1c[nH]c2cc(Br)ccc12)C(=O)O,L-alpha-methyl-5-bromotryptophan,aa,,[1*]N([3*])[C@@](C)(Cc1cn([4*])c2cc(Br)ccc12)C([2*])=O,[H],[OH],[H],[H],,,"1:backbone_n,2:backbone_c,3:backbone_n_mod,4:aromatic_nh",canonical-sites-v1,,,,,modified
D_aMeTrp_5Br,C[C@@](N)(Cc1c[nH]c2cc(Br)ccc12)C(=O)O,D-alpha-methyl-5-bromotryptophan,aa,,[1*]N([3*])[C@](C)(Cc1cn([4*])c2cc(Br)ccc12)C([2*])=O,[H],[OH],[H],[H],,,"1:backbone_n,2:backbone_c,3:backbone_n_mod,4:aromatic_nh",canonical-sites-v1,,,,,modified
Ala_3F,N[C@@H](CF)C(=O)O,L-beta-fluoroalanine,aa,,[1*]N([3*])[C@@H](CF)C([2*])=O,[H],[OH],[H],,,,"1:backbone_n,2:backbone_c,3:backbone_n_mod",canonical-sites-v1,,,,,modified
D_Ala_3F,N[C@H](CF)C(=O)O,D-beta-fluoroalanine,aa,,[1*]N([3*])[C@H](CF)C([2*])=O,[H],[OH],[H],,,,"1:backbone_n,2:backbone_c,3:backbone_n_mod",canonical-sites-v1,,,,,modified
Pro_4OBn,O=C(O)[C@@H]1C[C@H](OCc2ccccc2)CN1,L-trans-4-benzyloxypyrrolidine-2-carboxylic acid,aa,,[1*]N1C[C@@H](OCc2ccccc2)C[C@H]1C([2*])=O,[H],[OH],,,,,"1:backbone_n,2:backbone_c",canonical-sites-v1,,,,,modified
D_Pro_4OBn,O=C(O)[C@H]1C[C@H](OCc2ccccc2)CN1,D-trans-4-benzyloxypyrrolidine-2-carboxylic acid,aa,,[1*]N1C[C@@H](OCc2ccccc2)C[C@@H]1C([2*])=O,[H],[OH],,,,,"1:backbone_n,2:backbone_c",canonical-sites-v1,,,,,modified
Thi2Ala,N[C@@H](Cc1cccs1)C(=O)O,L-2-thienylalanine,aa,,[1*]N([3*])[C@@H](Cc1cccs1)C([2*])=O,[H],[OH],[H],,,,"1:backbone_n,2:backbone_c,3:backbone_n_mod",canonical-sites-v1,,,,,modified
D_Thi2Ala,N[C@H](Cc1cccs1)C(=O)O,D-2-thienylalanine,aa,,[1*]N([3*])[C@H](Cc1cccs1)C([2*])=O,[H],[OH],[H],,,,"1:backbone_n,2:backbone_c,3:backbone_n_mod",canonical-sites-v1,,,,,modified
Ahx,NCCCCC(=O)O,6-aminohexanoic acid (Ahx) linker,linker,,[1*]N([3*])CCCCC([2*])=O,[H],[OH],[H],,,,"1:backbone_n,2:backbone_c,3:backbone_n_mod",canonical-sites-v1,,,,,linker
IsoQui3Ala,N[C@@H](Cc1ccnc2ccccc12)C(=O)O,L-isoquinolin-3-yl-alanine,aa,,[1*]N([3*])[C@@H](Cc1ccnc2ccccc12)C([2*])=O,[H],[OH],[H],,,,"1:backbone_n,2:backbone_c,3:backbone_n_mod",canonical-sites-v1,,,,,modified
D_IsoQui3Ala,N[C@H](Cc1ccnc2ccccc12)C(=O)O,D-isoquinolin-3-yl-alanine,aa,,[1*]N([3*])[C@H](Cc1ccnc2ccccc12)C([2*])=O,[H],[OH],[H],,,,"1:backbone_n,2:backbone_c,3:backbone_n_mod",canonical-sites-v1,,,,,modified
Qui6Ala,N[C@@H](Cc1ccc2ncccc2c1)C(=O)O,L-quinolin-6-yl-alanine,aa,,[1*]N([3*])[C@@H](Cc1ccc2ncccc2c1)C([2*])=O,[H],[OH],[H],,,,"1:backbone_n,2:backbone_c,3:backbone_n_mod",canonical-sites-v1,,,,,modified
TBMB,BrCc1cc(CBr)cc(CBr)c1,"1,3,5-Tris(bromomethyl)benzene",linker,,[4*]Cc1cc(C[5*])cc(C[6*])c1,,,,[Br],[Br],[Br],"4:alkyl_halide_c,5:alkyl_halide_c,6:alkyl_halide_c",canonical-sites-v1,,,,,crosslink
ClAcAla,N[C@@H](CCl)C(=O)O,Chloroalanine,aa,,[1*]N([3*])[C@@H](C[4*])C([2*])=O,[H],[OH],[H],[Cl],,,"1:backbone_n,2:backbone_c,3:backbone_n_mod,4:alkyl_halide_c",canonical-sites-v1,,,,,modified
NHSAla,N[C@@H](CC(=O)ON1C(=O)CCC1=O)C(=O)O,NHS-ester alanine,aa,,[1*]N([3*])[C@H](C([2*])=O)C([4*])C(=O)ON1C(=O)CCC1=O,[H],[OH],[H],[H],,,"1:backbone_n,2:backbone_c,3:backbone_n_mod,4:nhs_ester",canonical-sites-v1,,,,,modified
HzAla,NNC(=O)C[C@H](N)C(=O)O,Hydrazide-alanine,aa,,[1*]N([3*])[C@@H](CC(=O)N([4*])N)C([2*])=O,[H],[OH],[H],[H],,,"1:backbone_n,2:backbone_c,3:backbone_n_mod,4:hydrazide",canonical-sites-v1,,,,,modified
Hser,N[C@@H](CCO)C(=O)O,Homoserine,aa,,[1*]N([3*])[C@@H](CCO[4*])C([2*])=O,[H],[OH],[H],[H],,,"1:backbone_n,2:backbone_c,3:backbone_n_mod,4:hydroxyl",canonical-sites-v1,,,,,modified
Se_Hcy,N[C@@H](CC[SeH])C(=O)O,Se_Hcy,aa,,[1*]N([3*])[C@@H](CC[Se][4*])C([2*])=O,[H],[OH],[H],[H],,,"1:backbone_n,2:backbone_c,3:backbone_n_mod,4:selenol",canonical-sites-v1,,,,,modified
D_Se_Hcy,N[C@H](CC[SeH])C(=O)O,D_Se_Hcy,aa,,[1*]N([3*])[C@H](CC[Se][4*])C([2*])=O,[H],[OH],[H],[H],,,"1:backbone_n,2:backbone_c,3:backbone_n_mod,4:selenol",canonical-sites-v1,,,,,modified
Se_Pen,CC(N)(C[SeH])C(=O)O,Se_Pen,aa,,[1*]N([3*])C(C)(C[Se][4*])C([2*])=O,[H],[OH],[H],[H],,,"1:backbone_n,2:backbone_c,3:backbone_n_mod,4:selenol",canonical-sites-v1,,,,,modified
MalOrn,N[C@@H](CCCN1C(=O)C=CC1=O)C(=O)O,MalOrn,aa,,[1*]N([3*])[C@@H](CCCN1C(=O)C=C([4*])C1=O)C([2*])=O,[H],[OH],[H],[H],,,"1:backbone_n,2:backbone_c,3:backbone_n_mod,4:maleimide_c",canonical-sites-v1,,,,,modified
MalDab,N[C@@H](CCN1C(=O)C=CC1=O)C(=O)O,MalDab,aa,,[1*]N([3*])[C@@H](CCN1C(=O)C=C([4*])C1=O)C([2*])=O,[H],[OH],[H],[H],,,"1:backbone_n,2:backbone_c,3:backbone_n_mod,4:maleimide_c",canonical-sites-v1,,,,,modified
TzOrn,N[C@@H](CCCCc1nncnn1)C(=O)O,TzOrn,aa,,[1*]N([3*])[C@@H](CCCC([4*])c1nncnn1)C([2*])=O,[H],[OH],[H],[H],,,"1:backbone_n,2:backbone_c,3:backbone_n_mod,4:tetrazine_c",canonical-sites-v1,,,,,modified
TzDab,N[C@@H](CCCc1nncnn1)C(=O)O,TzDab,aa,,[1*]N([3*])[C@@H](CCC([4*])c1nncnn1)C([2*])=O,[H],[OH],[H],[H],,,"1:backbone_n,2:backbone_c,3:backbone_n_mod,4:tetrazine_c",canonical-sites-v1,,,,,modified
TcoOrn,N[C@@H](CCCC1=CCCCCCC1)C(=O)O,TcoOrn,aa,,[1*]N([3*])[C@@H](CCC([4*])C1=CCCCCCC1)C([2*])=O,[H],[OH],[H],[H],,,"1:backbone_n,2:backbone_c,3:backbone_n_mod,4:tco_c",canonical-sites-v1,,,,,modified
TcoDab,N[C@@H](CCC1=CCCCCCC1)C(=O)O,TcoDab,aa,,[1*]N([3*])[C@@H](CC([4*])C1=CCCCCCC1)C([2*])=O,[H],[OH],[H],[H],,,"1:backbone_n,2:backbone_c,3:backbone_n_mod,4:tco_c",canonical-sites-v1,,,,,modified
AoaLys,NOCCCC[C@H](N)C(=O)O,AoaLys,aa,,[1*]N([3*])[C@@H](CCCCON[4*])C([2*])=O,[H],[OH],[H],[H],,,"1:backbone_n,2:backbone_c,3:backbone_n_mod,4:aminooxy",canonical-sites-v1,,,,,modified
AoaOrn,NOCCC[C@H](N)C(=O)O,AoaOrn,aa,,[1*]N([3*])[C@@H](CCCON[4*])C([2*])=O,[H],[OH],[H],[H],,,"1:backbone_n,2:backbone_c,3:backbone_n_mod,4:aminooxy",canonical-sites-v1,,,,,modified
AoaDab,NOCC[C@H](N)C(=O)O,AoaDab,aa,,[1*]N([3*])[C@@H](CCON[4*])C([2*])=O,[H],[OH],[H],[H],,,"1:backbone_n,2:backbone_c,3:backbone_n_mod,4:aminooxy",canonical-sites-v1,,,,,modified
D_Aoa,NOC[C@@H](N)C(=O)O,D_Aoa,aa,,[1*]N([3*])[C@H](CON[4*])C([2*])=O,[H],[OH],[H],[H],,,"1:backbone_n,2:backbone_c,3:backbone_n_mod,4:aminooxy",canonical-sites-v1,,,,,modified
NHSLys,N[C@@H](CCCCC(=O)ON1C(=O)CCC1=O)C(=O)O,NHSLys,aa,,[1*]N([3*])[C@@H](CCCC([4*])C(=O)ON1C(=O)CCC1=O)C([2*])=O,[H],[OH],[H],[H],,,"1:backbone_n,2:backbone_c,3:backbone_n_mod,4:nhs_ester",canonical-sites-v1,,,,,modified
NHSOrn,N[C@@H](CCCC(=O)ON1C(=O)CCC1=O)C(=O)O,NHSOrn,aa,,[1*]N([3*])[C@@H](CCC([4*])C(=O)ON1C(=O)CCC1=O)C([2*])=O,[H],[OH],[H],[H],,,"1:backbone_n,2:backbone_c,3:backbone_n_mod,4:nhs_ester",canonical-sites-v1,,,,,modified
NHSDab,N[C@@H](CCC(=O)ON1C(=O)CCC1=O)C(=O)O,NHSDab,aa,,[1*]N([3*])[C@@H](CC([4*])C(=O)ON1C(=O)CCC1=O)C([2*])=O,[H],[OH],[H],[H],,,"1:backbone_n,2:backbone_c,3:backbone_n_mod,4:nhs_ester",canonical-sites-v1,,,,,modified
D_NHSAla,N[C@H](CC(=O)ON1C(=O)CCC1=O)C(=O)O,D_NHSAla,aa,,[1*]N([3*])[C@@H](C([2*])=O)C([4*])C(=O)ON1C(=O)CCC1=O,[H],[OH],[H],[H],,,"1:backbone_n,2:backbone_c,3:backbone_n_mod,4:nhs_ester",canonical-sites-v1,,,,,modified
HzLys,NNC(=O)CCCC[C@H](N)C(=O)O,HzLys,aa,,[1*]N([3*])[C@@H](CCCCC(=O)N([4*])N)C([2*])=O,[H],[OH],[H],[H],,,"1:backbone_n,2:backbone_c,3:backbone_n_mod,4:hydrazide",canonical-sites-v1,,,,,modified
HzOrn,NNC(=O)CCC[C@H](N)C(=O)O,HzOrn,aa,,[1*]N([3*])[C@@H](CCCC(=O)N([4*])N)C([2*])=O,[H],[OH],[H],[H],,,"1:backbone_n,2:backbone_c,3:backbone_n_mod,4:hydrazide",canonical-sites-v1,,,,,modified
HzDab,NNC(=O)CC[C@H](N)C(=O)O,HzDab,aa,,[1*]N([3*])[C@@H](CCC(=O)N([4*])N)C([2*])=O,[H],[OH],[H],[H],,,"1:backbone_n,2:backbone_c,3:backbone_n_mod,4:hydrazide",canonical-sites-v1,,,,,modified
D_HzAla,NNC(=O)C[C@@H](N)C(=O)O,D_HzAla,aa,,[1*]N([3*])[C@H](CC(=O)N([4*])N)C([2*])=O,[H],[OH],[H],[H],,,"1:backbone_n,2:backbone_c,3:backbone_n_mod,4:hydrazide",canonical-sites-v1,,,,,modified
R,N=C(N)NCCC[C@H](N)C(=O)O,R,aa,"Arg,Nrg",[1*]N([3*])[C@@H](CCCN([7*])C(=N[4*])N([5*])[6*])C([2*])=O,[H],[OH],[H],[H],[H],[H],"1:backbone_n,2:backbone_c,3:backbone_n_mod,4:guanidinium_imine,5:guanidinium,6:guanidinium,7:guanidinium",canonical-sites-v1,[H],,,,modified
DArg,N=C(N)NCCC[C@@H](N)C(=O)O,DArg,aa,"dR,D_Nrg",[1*]N([3*])[C@H](CCCN([7*])C(=N[4*])N([5*])[6*])C([2*])=O,[H],[OH],[H],[H],[H],[H],"1:backbone_n,2:backbone_c,3:backbone_n_mod,4:guanidinium_imine,5:guanidinium,6:guanidinium,7:guanidinium",canonical-sites-v1,[H],,,,modified
Nrg,N=C(N)NCCC[C@H](N)C(=O)O,Nrg,aa,,[1*]N([3*])[C@@H](CCCN([7*])C(=N[4*])N([5*])[6*])C([2*])=O,[H],[OH],[H],[H],[H],[H],"1:backbone_n,2:backbone_c,3:backbone_n_mod,4:guanidinium_imine,5:guanidinium,6:guanidinium,7:guanidinium",canonical-sites-v1,[H],,,,modified
D_Nrg,N=C(N)NCCC[C@@H](N)C(=O)O,D_Nrg,aa,,[1*]N([3*])[C@H](CCCN([7*])C(=N[4*])N([5*])[6*])C([2*])=O,[H],[OH],[H],[H],[H],[H],"1:backbone_n,2:backbone_c,3:backbone_n_mod,4:guanidinium_imine,5:guanidinium,6:guanidinium,7:guanidinium",canonical-sites-v1,[H],,,,modified
dR,N=C(N)NCCC[C@@H](N)C(=O)O,dR,aa,R,[1*]N([3*])[C@H](CCCN([7*])C(=N[4*])N([5*])[6*])C([2*])=O,[H],[OH],[H],[H],[H],[H],"1:backbone_n,2:backbone_c,3:backbone_n_mod,4:guanidinium_imine,5:guanidinium,6:guanidinium,7:guanidinium",canonical-sites-v1,[H],,,,modified
meR,CN[C@@H](CCCNC(=N)N)C(=O)O,meR,aa,,[1*]N(C)[C@@H](CCCN([4*])C(=N[5*])N([6*])[7*])C([2*])=O,[H],[OH],,[H],[H],[H],"1:backbone_n,2:backbone_c,4:guanidinium,5:guanidinium_imine,6:guanidinium,7:guanidinium",canonical-sites-v1,[H],,,,modified
D_meR,CN[C@H](CCCNC(=N)N)C(=O)O,D_meR,aa,,[1*]N(C)[C@H](CCCN([4*])C(=N[5*])N([6*])[7*])C([2*])=O,[H],[OH],,[H],[H],[H],"1:backbone_n,2:backbone_c,4:guanidinium,5:guanidinium_imine,6:guanidinium,7:guanidinium",canonical-sites-v1,[H],,,,modified
aMeArg,CC(N)(CCCNC(=N)N)C(=O)O,aMeArg,aa,,[1*]N([3*])C(C)(CCCN([4*])C(=N[5*])N([6*])[7*])C([2*])=O,[H],[OH],[H],[H],[H],[H],"1:backbone_n,2:backbone_c,3:backbone_n_mod,4:guanidinium,5:guanidinium_imine,6:guanidinium,7:guanidinium",canonical-sites-v1,[H],,,,modified
D_aMeArg,C[C@@](N)(CCCNC(=N)N)C(=O)O,D_aMeArg,aa,,[1*]N([3*])[C@](C)(CCCN([4*])C(=N[5*])N([6*])[7*])C([2*])=O,[H],[OH],[H],[H],[H],[H],"1:backbone_n,2:backbone_c,3:backbone_n_mod,4:guanidinium,5:guanidinium_imine,6:guanidinium,7:guanidinium",canonical-sites-v1,[H],,,,modified
b3hArg,N=C(N)NCCC[C@H](N)CC(=O)O,b3hArg,aa,,[1*]N([3*])[C@@H](CCCN([7*])C(=N[4*])N([5*])[6*])CC([2*])=O,[H],[OH],[H],[H],[H],[H],"1:backbone_n,2:backbone_c,3:backbone_n_mod,4:guanidinium_imine,5:guanidinium,6:guanidinium,7:guanidinium",canonical-sites-v1,[H],,,,modified
D_b3hArg,N=C(N)NCCC[C@@H](N)CC(=O)O,D_b3hArg,aa,,[1*]N([3*])[C@H](CCCN([7*])C(=N[4*])N([5*])[6*])CC([2*])=O,[H],[OH],[H],[H],[H],[H],"1:backbone_n,2:backbone_c,3:backbone_n_mod,4:guanidinium_imine,5:guanidinium,6:guanidinium,7:guanidinium",canonical-sites-v1,[H],,,,modified
Arg_al,N=C(N)NCCC[C@H](N)C=O,Arg_al,aa,,[1*]N([3*])[C@@H](CCCN([7*])C(=N[4*])N([5*])[6*])C([2*])=O,[H],[H],[H],[H],[H],[H],"1:backbone_n,2:backbone_c,3:backbone_n_mod,4:guanidinium_imine,5:guanidinium,6:guanidinium,7:guanidinium",canonical-sites-v1,[H],,,,modified
ADMA,CN(C)C(=N)NCCC[C@@H](N)C(=O)O,ADMA,aa,,[1*]N([3*])[C@H](CCCN([5*])C(=N[4*])N(C)C)C([2*])=O,[H],[OH],[H],[H],[H],,"1:backbone_n,2:backbone_c,3:backbone_n_mod,4:guanidinium_imine,5:guanidinium",canonical-sites-v1,,,,,modified
D_ADMA,CN(C)C(=N)NCCC[C@H](N)C(=O)O,D_ADMA,aa,,[1*]N([3*])[C@@H](CCCN([5*])C(=N[4*])N(C)C)C([2*])=O,[H],[OH],[H],[H],[H],,"1:backbone_n,2:backbone_c,3:backbone_n_mod,4:guanidinium_imine,5:guanidinium",canonical-sites-v1,,,,,modified
ArgNO2,N=C(NCCC[C@@H](N)C(=O)O)N[N+](=O)[O-],ArgNO2,aa,,[1*]N([3*])[C@H](CCCN([5*])C(=N[4*])N([6*])[N+](=O)[O-])C([2*])=O,[H],[OH],[H],[H],[H],[H],"1:backbone_n,2:backbone_c,3:backbone_n_mod,4:guanidinium_imine,5:guanidinium,6:guanidinium",canonical-sites-v1,,,,,modified
D_ArgNO2,N=C(NCCC[C@H](N)C(=O)O)N[N+](=O)[O-],D_ArgNO2,aa,,[1*]N([3*])[C@@H](CCCN([5*])C(=N[4*])N([6*])[N+](=O)[O-])C([2*])=O,[H],[OH],[H],[H],[H],[H],"1:backbone_n,2:backbone_c,3:backbone_n_mod,4:guanidinium_imine,5:guanidinium,6:guanidinium",canonical-sites-v1,,,,,modified
Lys_For,N[C@@H](CCCCNC=O)C(=O)O,Lys_For,aa,,[1*]N([3*])[C@@H](CCCCN([5*])C([4*])=O)C([2*])=O,[H],[OH],[H],[H],[H],,"1:backbone_n,2:backbone_c,3:backbone_n_mod,4:formamide_c,5:amide_nh",canonical-sites-v1,,,,,modified
D_Trp_For,N[C@H](Cc1cn(C=O)c2ccccc12)C(=O)O,D_Trp_For,aa,W,[1*]N([3*])[C@H](Cc1cn(C([4*])=O)c2ccccc12)C([2*])=O,[H],[OH],[H],[H],,,"1:backbone_n,2:backbone_c,3:backbone_n_mod,4:formamide_c",canonical-sites-v1,,,,,modified
Cyo,O=C(O)CC1CC#CCCCC1,Cyo,aa,,[2*]C(=O)CC1CCCC([5*])C#CC1[4*],,[OH],,[H],[H],,"2:backbone_c,4:cyclooctyne_c,5:cyclooctyne_c",canonical-sites-v1,,,,,modified
CyoDab,N[C@@H](CCC1CC#CCCCC1)C(=O)O,CyoDab,aa,,[1*]N([3*])[C@@H](CCC1CCCC([5*])C#CC1[4*])C([2*])=O,[H],[OH],[H],[H],[H],,"1:backbone_n,2:backbone_c,3:backbone_n_mod,4:cyclooctyne_c,5:cyclooctyne_c",canonical-sites-v1,,,,,modified
CyoOrn,N[C@@H](CCCC1CC#CCCCC1)C(=O)O,CyoOrn,aa,,[1*]N([3*])[C@@H](CCCC1CCCC([5*])C#CC1[4*])C([2*])=O,[H],[OH],[H],[H],[H],,"1:backbone_n,2:backbone_c,3:backbone_n_mod,4:cyclooctyne_c,5:cyclooctyne_c",canonical-sites-v1,,,,,modified
D_hArg,N=C(N)NCCCC[C@@H](N)C(=O)O,D_hArg,aa,R,[1*]N([3*])[C@H](CCCCN([7*])C(=N[4*])N([5*])[6*])C([2*])=O,[H],[OH],[H],[H],[H],[H],"1:backbone_n,2:backbone_c,3:backbone_n_mod,4:guanidinium_imine,5:guanidinium,6:guanidinium,7:guanidinium",canonical-sites-v1,[H],,,,modified
5FM,O=C1OC2(c3ccc(O)cc3Oc3cc(O)ccc32)c2ccc(N3C(=O)C=CC3=O)cc21,Fluorescein-5-maleimide,linker,,[4*]Oc1ccc2c(c1)Oc1cc(O[5*])ccc1C21OC(=O)c2cc(N3C(=O)C=C([6*])C3=O)ccc21,,,,[H],[H],[H],"4:aryl_phenol_o,5:aryl_phenol_o,6:maleimide_c",canonical-sites-v1,,,,,dye
TAMRA5,CN(C)C1=CCC2=C(c3ccc(N4C(=O)C=CC4=O)cc3C(=O)O)c3ccc(N(C)C)cc3OC2=C1,5-TAMRA maleimide,linker,,[4*]C1=CC(=O)N(c2ccc(C3=C4CC=C(N(C)C)C=C4Oc4cc(N(C)C)ccc43)c(C([5*])=O)c2)C1=O,,,,[H],[OH],,"4:maleimide_c,5:aryl_amide_c",canonical-sites-v1,,,,,dye
Cy5Mal,C[N+]1=C(C=CC=CC=C2N(CCCCCC(=O)NCCN3C(=O)C=CC3=O)c3ccccc3C2(C)C)C(C)(C)c2ccccc21,Cyanine5 maleimide,linker,,[4*]N(CCN1C(=O)C=C([5*])C1=O)C(=O)CCCCCN1C(=CC=CC=CC2=[N+](C)c3ccccc3C2(C)C)C(C)(C)c2ccccc21,,,,[H],[H],,"4:amide_nh,5:maleimide_c",canonical-sites-v1,,,,,dye
AZDye488,Nc1ccc2c(-c3ccc(C(=O)NCCCCCN4C(=O)C=CC4=O)cc3C(=O)O)c3ccc(=[NH2+])c(S(=O)(=O)O)c-3oc2c1S(=O)(=O)[O-],AZDye 488 maleimide,linker,,[4*]N([5*])c1ccc2c(-c3ccc(C(=O)N([6*])CCCCCN4C(=O)C=C([7*])C4=O)cc3C([8*])=O)c3ccc(=[NH2+])c(S(=O)(=O)O)c-3oc2c1S(=O)(=O)[O-],,,,[H],[H],[H],"4:amine_primary,5:amine_primary,6:amide_nh,7:maleimide_c,8:aryl_amide_c",canonical-sites-v1,[H],[OH],,,dye
AZDye550,C[N+]1=C(C=CC=C2N(CCCCCC(=O)NCCN3C(=O)C=CC3=O)c3ccccc3C2(C)C)C(C)(C)c2ccccc21,AZDye 550 maleimide,linker,,[4*]N(CCN1C(=O)C=C([5*])C1=O)C(=O)CCCCCN1C(=CC=CC2=[N+](C)c3ccccc3C2(C)C)C(C)(C)c2ccccc21,,,,[H],[H],,"4:amide_nh,5:maleimide_c",canonical-sites-v1,,,,,dye
AZDye647,CC1(C)C(C=CC=CC=C2N(CCCS(=O)(=O)[O-])c3ccc(S(=O)(=O)O)cc3C2(C)CCCCC(=O)NCCN2C(=O)C=CC2=O)=[N+](CCCS(=O)(=O)O)c2ccc(S(=O)(=O)O)cc21,AZDye 647 maleimide,linker,,[4*]N(CCN1C(=O)C=C([5*])C1=O)C(=O)CCCCC1(C)C(=CC=CC=CC2=[N+](CCCS(=O)(=O)O)c3ccc(S(=O)(=O)O)cc3C2(C)C)N(CCCS(=O)(=O)[O-])c2ccc(S(=O)(=O)O)cc21,,,,[H],[H],,"4:amide_nh,5:maleimide_c",canonical-sites-v1,,,,,dye
D_b,N[C@@H](CC(=O)O)C(=O)O,L-beta-Aspartate backbone,aa,bD,[1*]N([3*])[C@@H](CC([2*])=O)C([4*])=O,[H],[OH],[H],[OH],,,"1:backbone_n,2:backbone_c,3:backbone_n_mod,4:carboxyl",canonical-sites-v1,,,,,modified
DAsp_b,N[C@H](CC(=O)O)C(=O)O,D-beta-Aspartate backbone,aa,dbD,[1*]N([3*])[C@H](CC([2*])=O)C([4*])=O,[H],[OH],[H],[OH],,,"1:backbone_n,2:backbone_c,3:backbone_n_mod,4:carboxyl",canonical-sites-v1,,,,,modified
Gla_a,N[C@@H](CC(C(=O)O)C(=O)O)C(=O)O,gamma-Carboxyglutamic acid alpha-backbone,aa,,[1*]N([3*])[C@@H](CC(C([4*])=O)C([5*])=O)C([2*])=O,[H],[OH],[H],[OH],[OH],,"1:backbone_n,2:backbone_c,3:backbone_n_mod,4:carboxyl,5:carboxyl",canonical-sites-v1,,,,,modified
E_g,N[C@@H](CCC(=O)O)C(=O)O,L-Glutamate gamma-backbone,aa,,[1*]N([3*])[C@@H](CCC([2*])=O)C([4*])=O,[H],[OH],[H],[OH],,,"1:backbone_n,2:backbone_c,3:backbone_n_mod,4:carboxyl",canonical-sites-v1,,,,,modified
DGlu_g,N[C@H](CCC(=O)O)C(=O)O,D-Glutamate gamma-backbone,aa,,[1*]N([3*])[C@H](CCC([2*])=O)C([4*])=O,[H],[OH],[H],[OH],,,"1:backbone_n,2:backbone_c,3:backbone_n_mod,4:carboxyl",canonical-sites-v1,,,,,modified
TATA,O=C(C=C)N1CN(C(=O)C=C)CN(C(=O)C=C)C1,"1,3,5-Triacryloyl-1,3,5-triazinane",linker,,[4*]CCC(=O)N1CN(C(=O)CC[5*])CN(C(=O)CC[6*])C1,,,,[H],[H],[H],"4:thia_michael_c,5:thia_michael_c,6:thia_michael_c",canonical-sites-v1,,,,,crosslink
TBAB,BrCC(=O)Nc1cc(NC(=O)CBr)cc(NC(=O)CBr)c1,"N,N',N''-Benzene-1,3,5-triyl-tris(2-bromoacetamide)",linker,,[4*]CC(=O)N([5*])c1cc(N([6*])C(=O)C[7*])cc(N([8*])C(=O)C[9*])c1,,,,[Br],[H],[H],"4:alkyl_halide_c,5:amide_nh,6:amide_nh,7:alkyl_halide_c,8:amide_nh,9:alkyl_halide_c",canonical-sites-v1,[Br],[H],[Br],,crosslink
D_Lac,[1*]O[C@@H](C)C([2*])=O,D-Lactic acid,aa,,[1*]O[C@@H](C)C([2*])=O,[H],[OH],,,,,"1:backbone_o,2:backbone_c",canonical-sites-v1,,,,,depsi
L_Lac,[1*]O[C@H](C)C([2*])=O,L-Lactic acid,aa,,[1*]O[C@H](C)C([2*])=O,[H],[OH],,,,,"1:backbone_o,2:backbone_c",canonical-sites-v1,,,,,depsi
GlyAc,[1*]OCC([2*])=O,Glycolic acid,aa,,[1*]OCC([2*])=O,[H],[OH],,,,,"1:backbone_o,2:backbone_c",canonical-sites-v1,,,,,depsi
PheTzn,[1*]N([3*])[C@@H](Cc1ccccc1)c1nc(C([2*])=O)cs1,L-Phe-thiazole (C-terminal thiazole backbone),aa,,[1*]N([3*])[C@@H](Cc1ccccc1)c1nc(C([2*])=O)cs1,[H],[OH],[H],,,,"1:backbone_n,2:backbone_c,3:backbone_n_mod",canonical-sites-v1,,,,,modified
D_PheTzn,[1*]N([3*])[C@H](Cc1ccccc1)c1nc(C([2*])=O)cs1,D-Phe-thiazole (C-terminal thiazole backbone),aa,,[1*]N([3*])[C@H](Cc1ccccc1)c1nc(C([2*])=O)cs1,[H],[OH],[H],,,,"1:backbone_n,2:backbone_c,3:backbone_n_mod",canonical-sites-v1,,,,,modified
AlaTzn,[1*]N([3*])[C@@H](C)c1nc(C([2*])=O)cs1,L-Ala-thiazole (C-terminal thiazole backbone),aa,,[1*]N([3*])[C@@H](C)c1nc(C([2*])=O)cs1,[H],[OH],[H],,,,"1:backbone_n,2:backbone_c,3:backbone_n_mod",canonical-sites-v1,,,,,modified
GlyTzn,[1*]N([3*])Cc1nc(C([2*])=O)cs1,Gly-thiazole (C-terminal thiazole backbone),aa,,[1*]N([3*])Cc1nc(C([2*])=O)cs1,[H],[OH],[H],,,,"1:backbone_n,2:backbone_c,3:backbone_n_mod",canonical-sites-v1,,,,,modified
ValTzn,[1*]N([3*])[C@H](c1nc(C([2*])=O)cs1)C(C)C,L-Val-thiazole (C-terminal thiazole backbone),aa,,[1*]N([3*])[C@H](c1nc(C([2*])=O)cs1)C(C)C,[H],[OH],[H],,,,"1:backbone_n,2:backbone_c,3:backbone_n_mod",canonical-sites-v1,,,,,modified
LeuTzn,[1*]N([3*])[C@@H](CC(C)C)c1nc(C([2*])=O)cs1,L-Leu-thiazole (C-terminal thiazole backbone),aa,,[1*]N([3*])[C@@H](CC(C)C)c1nc(C([2*])=O)cs1,[H],[OH],[H],,,,"1:backbone_n,2:backbone_c,3:backbone_n_mod",canonical-sites-v1,,,,,modified
TyrTzn,[1*]N([3*])[C@@H](Cc1ccc(O[4*])cc1)c1nc(C([2*])=O)cs1,L-Tyr-thiazole (C-terminal thiazole backbone),aa,,[1*]N([3*])[C@@H](Cc1ccc(O[4*])cc1)c1nc(C([2*])=O)cs1,[H],[OH],[H],[H],,,"1:backbone_n,2:backbone_c,3:backbone_n_mod,4:aryl_phenol_o",canonical-sites-v1,,,,,modified
CysTzn,[1*]N([3*])[C@@H](CS[4*])c1nc(C([2*])=O)cs1,L-Cys-thiazole (C-terminal thiazole backbone),aa,,[1*]N([3*])[C@@H](CS[4*])c1nc(C([2*])=O)cs1,[H],[OH],[H],[H],,,"1:backbone_n,2:backbone_c,3:backbone_n_mod,4:thiol",canonical-sites-v1,,,,,modified
PheTzl,[1*]N([3*])[C@@H](Cc1ccccc1)[C@@H]1CSC(C([2*])=O)=N1,L-Phe-thiazoline (C-terminal thiazoline backbone),aa,,[1*]N([3*])[C@@H](Cc1ccccc1)[C@@H]1CSC(C([2*])=O)=N1,[H],[OH],[H],,,,"1:backbone_n,2:backbone_c,3:backbone_n_mod",canonical-sites-v1,,,,,modified
AlaTzl,[1*]N([3*])[C@@H](C)[C@@H]1CSC(C([2*])=O)=N1,L-Ala-thiazoline (C-terminal thiazoline backbone),aa,,[1*]N([3*])[C@@H](C)[C@@H]1CSC(C([2*])=O)=N1,[H],[OH],[H],,,,"1:backbone_n,2:backbone_c,3:backbone_n_mod",canonical-sites-v1,,,,,modified
SerOxz,[1*]N([3*])[C@@H](CO[4*])c1nc(C([2*])=O)co1,L-Ser-oxazole (C-terminal oxazole backbone),aa,,[1*]N([3*])[C@@H](CO[4*])c1nc(C([2*])=O)co1,[H],[OH],[H],[H],,,"1:backbone_n,2:backbone_c,3:backbone_n_mod,4:hydroxyl",canonical-sites-v1,,,,,modified
ThrOxz,[1*]N([3*])[C@H](c1nc(C([2*])=O)co1)[C@@H](C)O[4*],L-Thr-oxazole (C-terminal oxazole backbone),aa,,[1*]N([3*])[C@H](c1nc(C([2*])=O)co1)[C@@H](C)O[4*],[H],[OH],[H],[H],,,"1:backbone_n,2:backbone_c,3:backbone_n_mod,4:hydroxyl",canonical-sites-v1,,,,,modified
Hpa,[1*]N([3*])[C@@H](Cc1ncccc1O[4*])C([2*])=O,L-3-Hydroxy-2-pyridyl-alanine (Hpa),aa,,[1*]N([3*])[C@@H](Cc1ncccc1O[4*])C([2*])=O,[H],[OH],[H],[H],,,"1:backbone_n,2:backbone_c,3:backbone_n_mod,4:aryl_phenol_o",canonical-sites-v1,,,,,modified
Pca,[1*]c1ccc(C([2*])=O)cn1,Pyridine-2-carboxylate (NRP N-terminal acyl cap),cap,,[1*]c1ccc(C([2*])=O)cn1,[H],[OH],,,,,"1:aryl_c_anchor,2:backbone_c",canonical-sites-v1,,,,,modified
Hpic,[1*]c1cccc(O[4*])n1,3-Hydroxypyridine-2-carboxylate (NRP cap),cap,,[1*]c1cccc(O[4*])n1,[H],,,[H],,,"1:aryl_c_anchor,4:aryl_phenol_o",canonical-sites-v1,,,,,modified
oxoPip,[1*]N1CCC(=O)C[C@@H]1C([2*])=O,(2S)-3-oxopipecolinic acid,aa,,[1*]N1CCC(=O)C[C@@H]1C([2*])=O,[H],[OH],,,,,"1:backbone_n,2:backbone_c",canonical-sites-v1,,,,,modified
D_oxoPip,[1*]N1CCC(=O)C[C@H]1C([2*])=O,(2R)-3-oxopipecolinic acid,aa,,[1*]N1CCC(=O)C[C@H]1C([2*])=O,[H],[OH],,,,,"1:backbone_n,2:backbone_c",canonical-sites-v1,,,,,modified
gamOxoPip,[1*]N1CC(=O)CC[C@@H]1C([2*])=O,(2S)-4-oxopipecolinic acid,aa,,[1*]N1CC(=O)CC[C@@H]1C([2*])=O,[H],[OH],,,,,"1:backbone_n,2:backbone_c",canonical-sites-v1,,,,,modified
D_gamOxoPip,[1*]N1CC(=O)CC[C@H]1C([2*])=O,(2R)-4-oxopipecolinic acid,aa,,[1*]N1CC(=O)CC[C@H]1C([2*])=O,[H],[OH],,,,,"1:backbone_n,2:backbone_c",canonical-sites-v1,,,,,modified
meAla_CCl3Me2,[1*]N(C)[C@@H](C[C@@H](C)C(Cl)(Cl)Cl)C([2*])=O,"N-Me-(2S,4S)-2-amino-4-methyl-5,5,5-trichloropentanoic acid",aa,,[1*]N(C)[C@@H](C[C@@H](C)C(Cl)(Cl)Cl)C([2*])=O,[H],[OH],,,,,"1:backbone_n,2:backbone_c",canonical-sites-v1,,,,,modified
D_meAla_CCl3Me2,[1*]N(C)[C@H](C[C@@H](C)C(Cl)(Cl)Cl)C([2*])=O,"N-Me-(2R,4S)-2-amino-4-methyl-5,5,5-trichloropentanoic acid",aa,,[1*]N(C)[C@H](C[C@@H](C)C(Cl)(Cl)Cl)C([2*])=O,[H],[OH],,,,,"1:backbone_n,2:backbone_c",canonical-sites-v1,,,,,modified
meAla_CCl3Me2b,[1*]N(C)[C@@H](C[C@H](C)C(Cl)(Cl)Cl)C([2*])=O,"N-Me-(2S,4R)-2-amino-4-methyl-5,5,5-trichloropentanoic acid",aa,,[1*]N(C)[C@@H](C[C@H](C)C(Cl)(Cl)Cl)C([2*])=O,[H],[OH],,,,,"1:backbone_n,2:backbone_c",canonical-sites-v1,,,,,modified
D_meAla_CCl3Me2b,[1*]N(C)[C@H](C[C@H](C)C(Cl)(Cl)Cl)C([2*])=O,"N-Me-(2R,4R)-2-amino-4-methyl-5,5,5-trichloropentanoic acid",aa,,[1*]N(C)[C@H](C[C@H](C)C(Cl)(Cl)Cl)C([2*])=O,[H],[OH],,,,,"1:backbone_n,2:backbone_c",canonical-sites-v1,,,,,modified
meAla_CHCl2Me2,[1*]N(C)[C@@H](C[C@@H](C)C([4*])Cl)C([2*])=O,"N-Me-(2S,4S)-2-amino-4-methyl-5,5-dichloropentanoic acid",aa,,[1*]N(C)[C@@H](C[C@@H](C)C([4*])Cl)C([2*])=O,[H],[OH],,[Cl],,,"1:backbone_n,2:backbone_c,4:alkyl_halide_c",canonical-sites-v1,,,,,modified
D_meAla_CHCl2Me2,[1*]N(C)[C@H](C[C@@H](C)C([4*])Cl)C([2*])=O,"N-Me-(2R,4S)-2-amino-4-methyl-5,5-dichloropentanoic acid",aa,,[1*]N(C)[C@H](C[C@@H](C)C([4*])Cl)C([2*])=O,[H],[OH],,[Cl],,,"1:backbone_n,2:backbone_c,4:alkyl_halide_c",canonical-sites-v1,,,,,modified
meDha_CCl3Me2,[1*]N(C)C(=C[C@@H](C)C(Cl)(Cl)Cl)C([2*])=O,"N-Me-dehydro-2-amino-4-methyl-5,5,5-trichloropentanoic acid",aa,,[1*]N(C)C(=C[C@@H](C)C(Cl)(Cl)Cl)C([2*])=O,[H],[OH],,,,,"1:backbone_n,2:backbone_c",canonical-sites-v1,,,,,modified
meDha_CCl3Me2b,[1*]N(C)C(=C[C@H](C)C(Cl)(Cl)Cl)C([2*])=O,"N-Me-dehydro-2-amino-4-methyl-5,5,5-trichloropentanoic acid (4R)",aa,,[1*]N(C)C(=C[C@H](C)C(Cl)(Cl)Cl)C([2*])=O,[H],[OH],,,,,"1:backbone_n,2:backbone_c",canonical-sites-v1,,,,,modified
meDha_CHCl2Me2,[1*]N(C)C(=C[C@@H](C)C([4*])Cl)C([2*])=O,"N-Me-dehydro-2-amino-4-methyl-5,5-dichloropentanoic acid",aa,,[1*]N(C)C(=C[C@@H](C)C([4*])Cl)C([2*])=O,[H],[OH],,[Cl],,,"1:backbone_n,2:backbone_c,4:alkyl_halide_c",canonical-sites-v1,,,,,modified
DhPro34,[1*]N1CC=C[C@@H]1C([2*])=O,"L-3,4-dehydroproline (Î”3,4-Pro)",aa,,[1*]N1CC=C[C@@H]1C([2*])=O,[H],[OH],,,,,"1:backbone_n,2:backbone_c",canonical-sites-v1,,,,,modified
D_DhPro34,[1*]N1CC=C[C@H]1C([2*])=O,"D-3,4-dehydroproline (Î”3,4-Pro)",aa,,[1*]N1CC=C[C@H]1C([2*])=O,[H],[OH],,,,,"1:backbone_n,2:backbone_c",canonical-sites-v1,,,,,modified
DhPro23,[1*]N1CCC=C1C([2*])=O,"2,3-dehydroproline (Î”2,3-Pro)",aa,,[1*]N1CCC=C1C([2*])=O,[H],[OH],,,,,"1:backbone_n,2:backbone_c",canonical-sites-v1,,,,,modified
Hiv,[1*]O[C@H](C([2*])=O)C(C)C,L-alpha-hydroxyisovaleric acid,aa,,[1*]O[C@H](C([2*])=O)C(C)C,[H],[OH],,,,,"1:backbone_o,2:backbone_c",canonical-sites-v1,,,,,depsi
D_Hiv,[1*]O[C@@H](C([2*])=O)C(C)C,D-alpha-hydroxyisovaleric acid,aa,,[1*]O[C@@H](C([2*])=O)C(C)C,[H],[OH],,,,,"1:backbone_o,2:backbone_c",canonical-sites-v1,,,,,depsi
PhLac,[1*]O[C@@H](Cc1ccccc1)C([2*])=O,L-3-phenyllactic acid,aa,,[1*]O[C@@H](Cc1ccccc1)C([2*])=O,[H],[OH],,,,,"1:backbone_o,2:backbone_c",canonical-sites-v1,,,,,depsi
D_PhLac,[1*]O[C@H](Cc1ccccc1)C([2*])=O,D-3-phenyllactic acid,aa,,[1*]O[C@H](Cc1ccccc1)C([2*])=O,[H],[OH],,,,,"1:backbone_o,2:backbone_c",canonical-sites-v1,,,,,depsi
meAtgSS,[1*]N(C)[C@@H](SS[4*])C([2*])=O,N-methyl-L-alpha-thio-Gly (disulfide-extended),aa,,[1*]N(C)[C@@H](SS[4*])C([2*])=O,[H],[OH],,[H],,,"1:backbone_n,2:backbone_c,4:thiol",canonical-sites-v1,,,,,modified
D_meAtgSS,[1*]N(C)[C@H](SS[4*])C([2*])=O,N-methyl-D-alpha-thio-Gly (disulfide-extended),aa,,[1*]N(C)[C@H](SS[4*])C([2*])=O,[H],[OH],,[H],,,"1:backbone_n,2:backbone_c,4:thiol",canonical-sites-v1,,,,,modified
VinylAla,[1*]N([3*])[C@@H](C(=C)C)C([2*])=O,alpha-isopropenyl-glycine,aa,,[1*]N([3*])[C@@H](C(=C)C)C([2*])=O,[H],[OH],[H],,,,"1:backbone_n,2:backbone_c,3:backbone_n_mod",canonical-sites-v1,,,,,modified
MeBHTyr,[1*]N(C)[C@H](C([2*])=O)[C@@H](O[4*])c1ccc(O[5*])c(O[6*])c1,N-methyl-beta-hydroxy-tyrosine (aryl-O crosslink),aa,,[1*]N(C)[C@H](C([2*])=O)[C@@H](O[4*])c1ccc(O[5*])c(O[6*])c1,[H],[OH],,[H],[H],[H],"1:backbone_n,2:backbone_c,4:hydroxyl,5:aryl_phenol_o,6:aryl_phenol_o",canonical-sites-v1,,,,,modified
XlQuat,[1*]N([3*])[C@H](C([2*])=O)[C@@]([4*])(C)CC,alpha-(quaternary-C-Me-Et)-glycine â€” aryl-ether crosslink anchor,aa,,[1*]N([3*])[C@H](C([2*])=O)[C@@]([4*])(C)CC,[H],[OH],[H],[H],,,"1:backbone_n,2:backbone_c,3:backbone_n_mod,4:quat_c_anchor",canonical-sites-v1,,,,,modified
redG2,[1*]N([3*])CC[2*],ethano-diamine reduced-amide repeat (-N-CH2-CH2-),aa,,[1*]N([3*])CC[2*],[H],[H],[H],,,,"1:backbone_n,2:backbone_c_red,3:backbone_n_mod",canonical-sites-v1,,,,,modified
redG3,[1*]N([3*])CCC[2*],propano-diamine reduced-amide repeat (-N-CH2-CH2-CH2-),aa,,[1*]N([3*])CCC[2*],[H],[H],[H],,,,"1:backbone_n,2:backbone_c_red,3:backbone_n_mod",canonical-sites-v1,,,,,modified
pXyl,[1*]Cc1ccc(C[2*])cc1,para-xylene (bis-CH2) reduced-amide linker,aa,,[1*]Cc1ccc(C[2*])cc1,[H],[H],,,,,"1:backbone_c_red,2:backbone_c_red",canonical-sites-v1,,,,,modified
EnamEt,[1*]N([3*])/C(C([2*])=O)=C(\C)CC,"alpha,beta-dehydro-(2-methylbut-1-en-1-yl)-glycine",aa,,[1*]N([3*])/C(C([2*])=O)=C(\C)CC,[H],[OH],[H],,,,"1:backbone_n,2:backbone_c,3:backbone_n_mod",canonical-sites-v1,,,,,modified
EnamDA,[1*]N([3*])/C(=C/C([4*])=O)C([5*])=O,"alpha,beta-dehydro-(2-carboxyethenyl)-glycine (terminal, free acid)",aa,,[1*]N([3*])/C(=C/C([4*])=O)C([5*])=O,[H],,[H],[OH],[OH],,"1:backbone_n,3:backbone_n_mod,4:carboxyl,5:carboxyl",canonical-sites-v1,,,,,modified
_EnamDA,[1*]N([3*])/C(=C/C([4*])=O)C([5*])=O,"alpha,beta-dehydro-bis-carboxyl C-terminal cap (chondramide pendant)",cap,,[1*]N([3*])/C(=C/C([4*])=O)C([5*])=O,[H],,[H],[OH],[OH],,"1:backbone_n,3:backbone_n_mod,4:carboxyl,5:carboxyl",canonical-sites-v1,,,,,cap
PhosOxScaffold,[4*]C(=O)c1cccc(P(=O)(c2cccc(C([5*])=O)c2)c2cccc(C([6*])=O)c2)c1,tris(2-carboxyphenyl)-phosphine oxide (3-arm scaffold),linker,,[4*]C(=O)c1cccc(P(=O)(c2cccc(C([5*])=O)c2)c2cccc(C([6*])=O)c2)c1,,,,[OH],[OH],[OH],"4:aryl_amide_c,5:aryl_amide_c,6:aryl_amide_c",canonical-sites-v1,,,,,crosslink
ImzAla,[1*]N([3*])Cc1cn(C)c(C([2*])=O)n1,N-methyl-imidazol-4-yl-(Î²)-glycine (CP01557 unit),aa,,[1*]N([3*])Cc1cn(C)c(C([2*])=O)n1,[H],[OH],[H],,,,"1:backbone_n,2:backbone_c,3:backbone_n_mod",canonical-sites-v1,,,,,modified
ImzIprVal,[1*]N([3*])[C@@H](c1cn(C)c(C([2*])=O)n1)C(C)C,alpha-iPr-(1-methylimidazol-2-yl)-glycine (CP01557 unit),aa,,[1*]N([3*])[C@@H](c1cn(C)c(C([2*])=O)n1)C(C)C,[H],[OH],[H],,,,"1:backbone_n,2:backbone_c,3:backbone_n_mod",canonical-sites-v1,,,,,modified
ImzScaffold,[4*]c1c([5*])nc([6*])n1C,N-methyl-imidazole 3-arm scaffold (C2/C4/C5 anchors),linker,,[4*]c1c([5*])nc([6*])n1C,,,,[H],[H],[H],"4:aryl_c_anchor,5:aryl_c_anchor,6:aryl_c_anchor",canonical-sites-v1,,,,,crosslink
ValAryl,[1*]N([3*])[C@@H]([2*])C(C)C,alpha-iPr-glycine with sp3-C-to-aryl chain exit (CP01557 Val),aa,,[1*]N([3*])[C@@H]([2*])C(C)C,[H],[H],[H],,,,"1:backbone_n,2:sp3_c_anchor,3:backbone_n_mod",canonical-sites-v1,,,,,modified
OHPro_3,[1*]N1C(O[4*])CC[C@@H]1C([2*])=O,3-Hydroxyproline,aa,,[1*]N1C(O[4*])CC[C@@H]1C([2*])=O,[H],[OH],,[H],,,"1:backbone_n,2:backbone_c,4:hydroxyl",canonical-sites-v1,,,,,modified
MeHyp_3,[1*]N1C([5*])[C@H](O[6*])[C@]([4*])(C)[C@H]1C([2*])=O,3-Methyl-4-hydroxyproline,aa,,[1*]N1C([5*])[C@H](O[6*])[C@]([4*])(C)[C@H]1C([2*])=O,[H],[OH],,[H],[H],[H],"1:backbone_n,2:backbone_c,4:quat_c_anchor,5:backbone_c_red,6:hydroxyl",canonical-sites-v1,,,,,modified
bOH_Lys,[1*]N([3*])[C@@H](C([2*])=O)[C@@H](CC([6*])N([4*])[5*])O[7*],beta-Hydroxylysine,aa,,[1*]N([3*])[C@@H](C([2*])=O)[C@@H](CC([6*])N([4*])[5*])O[7*],[H],[OH],[H],[H],[H],[H],"1:backbone_n,2:backbone_c,3:backbone_n_mod,4:amine_primary,5:amine_primary,6:backbone_c_red,7:hydroxyl",canonical-sites-v1,[H],,,,modified
bOH_Val,[1*]N([3*])[C@@H](C([2*])=O)[C@H](O[5*])C([4*])(C)C,beta-Hydroxyvaline,aa,,[1*]N([3*])[C@@H](C([2*])=O)[C@H](O[5*])C([4*])(C)C,[H],[OH],[H],[H],[H],,"1:backbone_n,2:backbone_c,3:backbone_n_mod,4:quat_c_anchor,5:hydroxyl",canonical-sites-v1,,,,,modified
Hic,[1*]O[C@H](CC(C)C)C([2*])=O,L-2-hydroxy-4-methylpentanoic acid,aa,,[1*]O[C@H](CC(C)C)C([2*])=O,[H],[OH],,,,,"1:backbone_o,2:backbone_c",canonical-sites-v1,,,,,depsi
D_Hic,[1*]O[C@@H](CC(C)C)C([2*])=O,D-2-hydroxy-4-methylpentanoic acid,aa,,[1*]O[C@@H](CC(C)C)C([2*])=O,[H],[OH],,,,,"1:backbone_o,2:backbone_c",canonical-sites-v1,,,,,depsi
DeltaPhe_E,[1*]N([3*])/C(=C/c1ccccc1)C([2*])=O,"(E)-alpha,beta-Didehydrophenylalanine",aa,,[1*]N([3*])/C(=C/c1ccccc1)C([2*])=O,[H],[OH],[H],,,,"1:backbone_n,2:backbone_c,3:backbone_n_mod",canonical-sites-v1,,,,,modified
DeltaPhe_Z,[1*]N([3*])/C(=C\c1ccccc1)C([2*])=O,"(Z)-alpha,beta-Didehydrophenylalanine",aa,,[1*]N([3*])/C(=C\c1ccccc1)C([2*])=O,[H],[OH],[H],,,,"1:backbone_n,2:backbone_c,3:backbone_n_mod",canonical-sites-v1,,,,,modified
Tyr_ab_dehydroMe_E,[1*]N([3*])/C(=C/c1ccc(OC)cc1)C([2*])=O,(E)-2-amino-3-(4-methoxyphenyl)prop-2-enoic acid,aa,,[1*]N([3*])/C(=C/c1ccc(OC)cc1)C([2*])=O,[H],[OH],[H],,,,"1:backbone_n,2:backbone_c,3:backbone_n_mod",canonical-sites-v1,,,,,modified
Tyr_ab_dehydroMe_Z,[1*]N([3*])/C(=C\c1ccc(OC)cc1)C([2*])=O,(Z)-2-amino-3-(4-methoxyphenyl)prop-2-enoic acid,aa,,[1*]N([3*])/C(=C\c1ccc(OC)cc1)C([2*])=O,[H],[OH],[H],,,,"1:backbone_n,2:backbone_c,3:backbone_n_mod",canonical-sites-v1,,,,,modified
Phe_ab_dehydro_3NO2_E,[1*]N([3*])/C(=C/c1cccc([N+](=O)[O-])c1)C([2*])=O,(E)-2-amino-3-(3-nitrophenyl)prop-2-enoic acid,aa,,[1*]N([3*])/C(=C/c1cccc([N+](=O)[O-])c1)C([2*])=O,[H],[OH],[H],,,,"1:backbone_n,2:backbone_c,3:backbone_n_mod",canonical-sites-v1,,,,,modified
Phe_ab_dehydro_3NO2_Z,[1*]N([3*])/C(=C\c1cccc([N+](=O)[O-])c1)C([2*])=O,(Z)-2-amino-3-(3-nitrophenyl)prop-2-enoic acid,aa,,[1*]N([3*])/C(=C\c1cccc([N+](=O)[O-])c1)C([2*])=O,[H],[OH],[H],,,,"1:backbone_n,2:backbone_c,3:backbone_n_mod",canonical-sites-v1,,,,,modified
meDha_CCl3Me2_E,[1*]N(C)/C(=C/[C@@H](C)C(Cl)(Cl)Cl)C([2*])=O,"(E)-N-Me-dehydro-2-amino-4-methyl-5,5,5-trichloro-pent-2-enoic acid",aa,,[1*]N(C)/C(=C/[C@@H](C)C(Cl)(Cl)Cl)C([2*])=O,[H],[OH],,,,,"1:backbone_n,2:backbone_c",canonical-sites-v1,,,,,modified
meDha_CCl3Me2_Z,[1*]N(C)/C(=C\[C@@H](C)C(Cl)(Cl)Cl)C([2*])=O,"(Z)-N-Me-dehydro-2-amino-4-methyl-5,5,5-trichloro-pent-2-enoic acid",aa,,[1*]N(C)/C(=C\[C@@H](C)C(Cl)(Cl)Cl)C([2*])=O,[H],[OH],,,,,"1:backbone_n,2:backbone_c",canonical-sites-v1,,,,,modified
meDha_CCl3Me2b_E,[1*]N(C)/C(=C/[C@H](C)C(Cl)(Cl)Cl)C([2*])=O,(E)-N-Me-dehydro variant (beta R-stereo),aa,,[1*]N(C)/C(=C/[C@H](C)C(Cl)(Cl)Cl)C([2*])=O,[H],[OH],,,,,"1:backbone_n,2:backbone_c",canonical-sites-v1,,,,,modified
meDha_CCl3Me2b_Z,[1*]N(C)/C(=C\[C@H](C)C(Cl)(Cl)Cl)C([2*])=O,(Z)-N-Me-dehydro variant (beta R-stereo),aa,,[1*]N(C)/C(=C\[C@H](C)C(Cl)(Cl)Cl)C([2*])=O,[H],[OH],,,,,"1:backbone_n,2:backbone_c",canonical-sites-v1,,,,,modified
meDha_CHCl2Me2_E,[1*]N(C)/C(=C/[C@@H](C)C([4*])Cl)C([2*])=O,"(E)-N-Me-dehydro-2-amino-4-methyl-5,5-dichloro-pent-2-enoic acid",aa,,[1*]N(C)/C(=C/[C@@H](C)C([4*])Cl)C([2*])=O,[H],[OH],,[Cl],,,"1:backbone_n,2:backbone_c,4:alkyl_halide_c",canonical-sites-v1,,,,,modified
meDha_CHCl2Me2_Z,[1*]N(C)/C(=C\[C@@H](C)C([4*])Cl)C([2*])=O,"(Z)-N-Me-dehydro-2-amino-4-methyl-5,5-dichloro-pent-2-enoic acid",aa,,[1*]N(C)/C(=C\[C@@H](C)C([4*])Cl)C([2*])=O,[H],[OH],,[Cl],,,"1:backbone_n,2:backbone_c,4:alkyl_halide_c",canonical-sites-v1,,,,,modified
Bmt_Z,[1*]N([3*])[C@H](C([2*])=O)[C@H](O[4*])[C@H](C)C/C=C\C,"(Z)-(2S,3R,4R)-2-amino-3-hydroxy-4-methyloct-6-enoic acid",aa,,[1*]N([3*])[C@H](C([2*])=O)[C@H](O[4*])[C@H](C)C/C=C\C,[H],[OH],[H],[H],,,"1:backbone_n,2:backbone_c,3:backbone_n_mod,4:hydroxyl",canonical-sites-v1,,,,,modified
D_Bmt_Z,[1*]N([3*])[C@@H](C([2*])=O)[C@@H](O[4*])[C@@H](C)C/C=C\C,"(Z)-(2R,3S,4S)-2-amino-3-hydroxy-4-methyloct-6-enoic acid",aa,,[1*]N([3*])[C@@H](C([2*])=O)[C@@H](O[4*])[C@@H](C)C/C=C\C,[H],[OH],[H],[H],,,"1:backbone_n,2:backbone_c,3:backbone_n_mod,4:hydroxyl",canonical-sites-v1,,,,,modified
HTyr,[1*]O[C@H](Cc1ccc(O[4*])cc1)C([2*])=O,(2S)-2-hydroxy-3-(4-hydroxyphenyl)propanoic acid,aa,,[1*]O[C@H](Cc1ccc(O[4*])cc1)C([2*])=O,[H],[OH],,[H],,,"1:backbone_o,2:backbone_c,4:aryl_phenol_o",canonical-sites-v1,,,,,depsi
HIle,[1*]O[C@@H](C([2*])=O)[C@@H](C)CC,"(2S,3S)-2-hydroxy-3-methylpentanoic acid",aa,,[1*]O[C@@H](C([2*])=O)[C@@H](C)CC,[H],[OH],,,,,"1:backbone_o,2:backbone_c",canonical-sites-v1,,,,,depsi
HMet,[1*]O[C@H](CCSC)C([2*])=O,(2S)-2-hydroxy-4-(methylsulfanyl)butanoic acid,aa,,[1*]O[C@H](CCSC)C([2*])=O,[H],[OH],,,,,"1:backbone_o,2:backbone_c",canonical-sites-v1,,,,,depsi
HCys,[1*]O[C@H](CS[4*])C([2*])=O,(2S)-2-hydroxy-3-sulfanylpropanoic acid,aa,,[1*]O[C@H](CS[4*])C([2*])=O,[H],[OH],,[H],,,"1:backbone_o,2:backbone_c,4:thiol",canonical-sites-v1,,,,,depsi
HSer,[1*]O[C@H](CO[4*])C([2*])=O,"(2S)-2,3-dihydroxypropanoic acid",aa,,[1*]O[C@H](CO[4*])C([2*])=O,[H],[OH],,[H],,,"1:backbone_o,2:backbone_c,4:hydroxyl",canonical-sites-v1,,,,,depsi
HThr,[1*]O[C@@H](C([2*])=O)[C@@H](C)O[4*],"(2S,3R)-2,3-dihydroxybutanoic acid",aa,,[1*]O[C@@H](C([2*])=O)[C@@H](C)O[4*],[H],[OH],,[H],,,"1:backbone_o,2:backbone_c,4:hydroxyl",canonical-sites-v1,,,,,depsi
HAsp,[1*]O[C@H](CC([4*])=O)C([2*])=O,(2S)-2-hydroxybutanedioic acid (malic acid),aa,,[1*]O[C@H](CC([4*])=O)C([2*])=O,[H],[OH],,[OH],,,"1:backbone_o,2:backbone_c,4:carboxyl",canonical-sites-v1,,,,,depsi
HGlu,[1*]O[C@H](CCC([4*])=O)C([2*])=O,(2S)-2-hydroxypentanedioic acid,aa,,[1*]O[C@H](CCC([4*])=O)C([2*])=O,[H],[OH],,[OH],,,"1:backbone_o,2:backbone_c,4:carboxyl",canonical-sites-v1,,,,,depsi
HAsn,[1*]O[C@H](CC(=O)N([4*])[5*])C([2*])=O,(2S)-2-hydroxy-3-carbamoyl-propanoic acid,aa,,[1*]O[C@H](CC(=O)N([4*])[5*])C([2*])=O,[H],[OH],,[H],[H],,"1:backbone_o,2:backbone_c,4:amide_nh,5:amide_nh",canonical-sites-v1,,,,,depsi
HGln,[1*]O[C@H](CCC(=O)N([4*])[5*])C([2*])=O,(2S)-2-hydroxy-4-carbamoyl-butanoic acid,aa,,[1*]O[C@H](CCC(=O)N([4*])[5*])C([2*])=O,[H],[OH],,[H],[H],,"1:backbone_o,2:backbone_c,4:amide_nh,5:amide_nh",canonical-sites-v1,,,,,depsi
HArg,[1*]O[C@H](CCCN([7*])C(=N[4*])N([5*])[6*])C([2*])=O,(2S)-2-hydroxy-5-guanidinopentanoic acid,aa,,[1*]O[C@H](CCCN([7*])C(=N[4*])N([5*])[6*])C([2*])=O,[H],[OH],,[H],[H],[H],"1:backbone_o,2:backbone_c,4:guanidinium_imine,5:guanidinium,6:guanidinium,7:guanidinium",canonical-sites-v1,[H],,,,depsi
HLys,[1*]O[C@H](CCCCN([4*])[5*])C([2*])=O,(2S)-2-hydroxy-6-aminohexanoic acid,aa,,[1*]O[C@H](CCCCN([4*])[5*])C([2*])=O,[H],[OH],,[H],[H],,"1:backbone_o,2:backbone_c,4:amine_primary,5:amine_primary",canonical-sites-v1,,,,,depsi
Glyc,[1*]OCC([2*])=O,glycolic acid (2-hydroxyacetic acid),aa,,[1*]OCC([2*])=O,[H],[OH],,,,,"1:backbone_o,2:backbone_c",canonical-sites-v1,,,,,depsi
Orn_AcHA,[1*]N([3*])[C@@H](CCCN([O-])C(C)=O)C([2*])=O,N-delta-acetohydroxamoyl-L-ornithine (siderophore),aa,,[1*]N([3*])[C@@H](CCCN([O-])C(C)=O)C([2*])=O,[H],[OH],[H],,,,"1:backbone_n,2:backbone_c,3:backbone_n_mod",canonical-sites-v1,,,,,modified
D_Orn_AcHA,[1*]N([3*])[C@H](CCCN([O-])C(C)=O)C([2*])=O,N-delta-acetohydroxamoyl-D-ornithine (siderophore),aa,,[1*]N([3*])[C@H](CCCN([O-])C(C)=O)C([2*])=O,[H],[OH],[H],,,,"1:backbone_n,2:backbone_c,3:backbone_n_mod",canonical-sites-v1,,,,,modified
XylBridge,[1*]N(C[2*])Cc1ccc(CN([5*])C[4*])cc1,para-xylylene diamine 4-arm bridge,aa,,[1*]N(C[2*])Cc1ccc(CN([5*])C[4*])cc1,[H],[H],,[H],[H],,"1:backbone_n,2:backbone_c_red,4:backbone_c_red,5:backbone_n",canonical-sites-v1,,,,,modified
